id,target
16838,1
43583,1
79935,1
54219,1
51611,1
19751,1
35173,1
35854,1
33207,1
73900,1
6264,1
74785,1
73698,1
52678,1
37788,1
71074,1
11767,1
16648,1
13177,1
80106,1
85956,1
51124,1
14569,1
49024,1
55201,1
58209,1
53434,1
32263,1
64574,1
41734,1
73982,1
18603,1
97368,1
26147,1
19248,1
89883,1
57754,1
5379,1
63902,1
62285,1
85677,1
81293,1
45615,1
89075,1
7659,1
61537,1
57914,1
32649,1
71948,1
55098,1
90785,1
8048,1
10683,1
33072,1
77855,1
31770,1
98177,1
41871,1
70556,1
11898,1
66106,1
41366,1
21184,1
7033,1
95330,1
36285,1
43934,1
47764,1
64306,1
2990,1
63492,1
59706,1
44474,1
11249,1
22857,1
37574,1
66479,1
83754,1
21721,1
21434,1
30273,1
89250,1
32416,1
12018,1
32189,1
70676,1
45160,1
56824,1
78948,1
59384,1
51832,1
95324,1
35386,1
88551,1
74224,1
84421,1
63475,1
27821,1
46782,1
9169,1
33957,1
67687,1
43289,1
83264,1
83584,1
91071,1
95950,1
28164,1
57198,1
82927,1
75483,1
15479,1
46594,1
55440,1
50895,1
14584,1
48676,1
95180,1
93307,1
47116,1
68133,1
64191,1
72836,1
68561,1
39734,1
2699,1
79783,1
81517,1
92160,1
75083,1
27331,1
78697,1
58702,1
23912,1
50409,1
65703,1
44226,1
10566,1
32645,1
97432,1
98848,1
95508,1
54959,1
72739,1
9164,1
66283,1
95189,1
75876,1
4483,1
51982,1
24459,1
2320,1
59595,1
49070,1
23857,1
19841,1
11695,1
74267,1
78595,1
78570,1
47079,1
68347,1
47945,1
36094,1
35738,1
89673,1
74605,1
78523,1
91695,1
98666,1
45712,1
40103,1
45287,1
21900,1
41979,1
48903,1
74246,1
61681,1
16244,1
45709,1
86393,1
5457,1
57186,1
4052,1
14054,1
21873,1
67977,1
50471,1
29121,1
29281,1
89747,1
3367,1
285,1
42805,1
64793,1
48855,1
51278,1
12210,1
92569,1
60750,1
4831,1
87683,1
87573,1
52365,1
17073,1
83238,1
75044,1
42668,1
52044,1
42891,1
44559,1
49497,1
31564,1
13490,1
90735,1
28088,1
29360,1
70109,1
34547,1
39789,1
73070,1
1818,1
44732,1
66086,1
4867,1
98130,1
54444,1
41510,1
18083,1
59966,1
45235,1
37687,1
12581,1
70585,1
82950,1
98632,1
6025,1
50593,1
98845,1
11132,1
79448,1
52398,1
52174,1
15569,1
78182,1
66045,1
22805,1
7402,1
95371,1
97478,1
37797,1
73450,1
65708,1
14127,1
33875,1
55615,1
86761,1
36114,1
4752,1
51392,1
45406,1
96957,1
50057,1
43822,1
11856,1
63855,1
49259,1
73390,1
43869,1
56723,1
713,1
19973,1
14526,1
33640,1
42526,1
16527,1
20608,1
3719,1
24863,1
84581,1
21738,1
9181,1
82747,1
89328,1
47412,1
61141,1
44801,1
4553,1
51513,1
86606,1
15455,1
50804,1
21361,1
90601,1
44048,1
90229,1
65378,1
75238,1
37355,1
95815,1
80357,1
53431,1
50270,1
66934,1
95520,1
86112,1
21544,1
86442,1
25121,1
81942,1
65840,1
55000,1
67400,1
32204,1
95306,1
73893,1
25740,1
47310,1
73805,1
58226,1
54908,1
30162,1
9547,1
5449,1
13812,1
14415,1
7341,1
35176,1
84667,1
12428,1
60617,1
60672,1
84847,1
17508,1
88445,1
51454,1
86721,1
55608,1
45773,1
5862,1
4358,1
195,1
24091,1
46207,1
80346,1
44201,1
31547,1
53660,1
74952,1
46483,1
38894,1
92852,1
31585,1
42044,1
72093,1
58856,1
61426,1
17211,1
84989,1
37207,1
23129,1
78259,1
94088,1
76742,1
52042,1
29063,1
40780,1
39556,1
37402,1
57130,1
69857,1
74316,1
90169,1
41650,1
11315,1
20446,1
49350,1
49535,1
18632,1
19611,1
84442,1
50874,1
22750,1
10807,1
39816,1
36991,1
54551,1
38379,1
14219,1
75807,1
17621,1
85270,1
1176,1
97782,1
79586,1
96892,1
15741,1
71745,1
21905,1
61225,1
22139,1
86735,1
49790,1
98841,1
76276,1
39312,1
46310,1
34159,1
61185,1
80175,1
42713,1
91404,1
6695,1
76719,1
95938,1
10756,1
49246,1
65889,1
59391,1
27517,1
65128,1
49370,1
88356,1
38258,1
41579,1
35844,1
43905,1
11603,1
70913,1
84072,1
85353,1
19098,1
42952,1
38338,1
27721,1
21881,1
75529,1
51283,1
75408,1
75420,1
21395,1
20648,1
49962,1
15808,1
53856,1
77359,1
26978,1
7075,1
42464,1
54214,1
19738,1
22191,1
15017,1
58649,1
13004,1
9,1
97867,1
31345,1
1178,1
90492,1
80829,1
24146,1
79048,1
54332,1
56505,1
20750,1
77837,1
46217,1
8986,1
45886,1
26522,1
20450,1
18750,1
22382,1
79812,1
55280,1
31760,1
79009,1
6326,1
2318,1
72976,1
40932,1
75820,1
42201,1
76666,1
31611,1
91145,1
85381,1
85508,1
47088,1
86546,1
83723,1
883,1
10788,1
63712,1
23598,1
23039,1
97654,1
41633,1
36599,1
4795,1
34208,1
88446,1
93864,1
59102,1
31845,1
94371,1
55812,1
29084,1
12283,1
87130,1
67926,1
34118,1
41495,1
14245,1
25552,1
38801,1
64560,1
46876,1
32056,1
79805,1
94297,1
5693,1
84649,1
56794,1
34450,1
47957,1
30904,1
386,1
33954,1
6505,1
79949,1
14698,1
1594,1
55196,1
38295,1
37532,1
83805,1
41574,1
63891,1
26151,1
56049,1
93781,1
36054,1
96340,1
89966,1
17949,1
74309,1
58468,1
19779,1
70897,1
44880,1
21703,1
46397,1
11635,1
64033,1
34371,1
89959,1
54884,1
95341,1
89695,1
61290,1
95874,1
79881,1
32734,1
87864,1
7899,1
302,1
12748,1
41951,1
40298,1
87210,1
61710,1
68358,1
49927,1
29842,1
41631,1
28138,1
50548,1
76049,1
50392,1
78115,1
77047,1
53770,1
72659,1
42762,1
11578,1
43491,1
79668,1
89788,1
68712,1
64761,1
52533,1
82815,1
19210,1
39358,1
76277,1
1923,1
90610,1
75985,1
60113,1
30394,1
59703,1
37651,1
77645,1
57244,1
77659,1
15285,1
32815,1
19441,1
25667,1
37366,1
67422,1
27911,1
36788,1
55292,1
30228,1
40087,1
3499,1
88305,1
29082,1
32301,1
5796,1
92967,1
48759,1
60746,1
10753,1
22929,1
44682,1
95780,1
79771,1
76617,1
44372,1
57482,1
94400,1
36387,1
42366,1
50784,1
97299,1
53484,1
10169,1
9021,1
33559,1
73946,1
79711,1
12637,1
18455,1
498,1
70350,1
32404,1
14306,1
97213,1
12535,1
39494,1
28239,1
57877,1
38449,1
42786,1
24868,1
77560,1
46462,1
51365,1
49291,1
90776,1
27079,1
92758,1
85946,1
95703,1
80753,1
85917,1
83661,1
97729,1
3687,1
5646,1
61797,1
85918,1
55237,1
7414,1
47951,1
23197,1
4507,1
98807,1
11396,1
22396,1
94095,1
21916,1
52501,1
13882,1
74409,1
37149,1
3259,1
33754,1
30086,1
55628,1
25887,1
19339,1
98185,1
83655,1
5271,1
10647,1
32453,1
48137,1
32131,1
44695,1
64512,1
32593,1
18479,1
90175,1
48531,1
64766,1
97852,1
49010,1
8449,1
66597,1
71439,1
15775,1
23943,1
29618,1
80921,1
96754,1
50199,1
11027,1
30223,1
37656,1
1567,1
67680,1
2743,1
38141,1
70219,1
8837,1
50525,1
47909,1
7591,1
56850,1
83337,1
5456,1
20895,1
24554,1
16586,1
23258,1
18793,1
5311,1
49240,1
75136,1
79905,1
19161,1
40572,1
90506,1
95929,1
57901,1
24596,1
21978,1
69348,1
66878,1
32325,1
6023,1
10622,1
7986,1
70163,1
36720,1
36257,1
32854,1
41883,1
95532,1
63388,1
35312,1
48745,1
84521,1
26646,1
34778,1
4332,1
11953,1
72223,1
65797,1
17773,1
33236,1
56510,1
34444,1
91478,1
52420,1
67426,1
82217,1
71078,1
32878,1
37661,1
74253,1
74174,1
20300,1
33107,1
24320,1
36907,1
5716,1
40810,1
23859,1
23676,1
47864,1
47952,1
15623,1
72848,1
19353,1
6604,1
8297,1
58346,1
64748,1
95028,1
18925,1
74517,1
81238,1
67084,1
88022,1
85482,1
38466,1
23961,1
93391,1
26189,1
90817,1
77816,1
60068,1
49989,1
39292,1
42392,1
79407,1
41846,1
68747,1
80076,1
8272,1
39673,1
50851,1
52338,1
49592,1
45853,1
27655,1
94379,1
70199,1
65154,1
84647,1
52841,1
50308,1
56434,1
37065,1
31435,1
62252,1
55559,1
51455,1
67005,1
20915,1
86268,1
19225,1
14892,1
40242,1
77411,1
47590,1
31392,1
14446,1
73441,1
23851,1
29133,1
69891,1
54552,1
49113,1
76741,1
70629,1
70075,1
5757,1
42018,1
47983,1
96590,1
45641,1
1059,1
26674,1
8764,1
45630,1
48058,1
26148,1
86813,1
94869,1
62631,1
44688,1
75651,1
82919,1
8191,1
17459,1
77241,1
3804,1
18814,1
83815,1
90831,1
1859,1
54116,1
30247,1
26924,1
52987,1
52403,1
34764,1
13299,1
8548,1
80684,1
18970,1
31814,1
1321,1
4422,1
85048,1
30409,1
76650,1
64837,1
77329,1
3722,1
48838,1
26060,1
24652,1
8576,1
8753,1
20039,1
42003,1
1136,1
91822,1
8615,1
34020,1
55509,1
37013,1
86571,1
64100,1
13492,1
72991,1
807,1
31684,1
75286,1
64244,1
39599,1
72362,1
38302,1
61159,1
57346,1
78310,1
6461,1
65018,1
50619,1
61776,1
4321,1
37026,1
57601,1
30035,1
78347,1
10732,1
45085,1
64407,1
43263,1
64090,1
30772,1
25975,1
50610,1
22628,1
68617,1
34001,1
57132,1
94715,1
78830,1
88467,1
54341,1
12681,1
71466,1
16688,1
75547,1
58573,1
98354,1
89386,1
66475,1
5386,1
81819,1
93493,1
26007,1
10327,1
95643,1
48205,1
94205,1
37245,1
8219,1
37276,1
36833,1
11557,1
47350,1
14523,1
2677,1
75065,1
46950,1
41563,1
81884,1
23871,1
97922,1
51183,1
84061,1
80774,1
34113,1
69573,1
24357,1
28984,1
83358,1
79544,1
41545,1
36705,1
53154,1
4193,1
58478,1
81808,1
9011,1
20287,1
9259,1
67020,1
95901,1
92493,1
2516,1
22286,1
20589,1
60242,1
21085,1
35802,1
83826,1
58443,1
30371,1
97460,1
15193,1
38913,1
87321,1
82235,1
27328,1
65109,1
91774,1
77660,1
88739,1
90191,1
74162,1
65397,1
78849,1
97311,1
39441,1
45814,1
45339,1
92345,1
58870,1
16503,1
13910,1
16610,1
32196,1
29846,1
29838,1
43797,1
21377,1
6430,1
74660,1
20347,1
37674,1
62692,1
93813,1
6491,1
76941,1
91270,1
71374,1
37512,1
36317,1
9858,1
29134,1
82304,1
23777,1
28302,1
98658,1
57206,1
9755,1
2082,1
76717,1
43864,1
93747,1
11875,1
28977,1
3339,1
80230,1
58416,1
16860,1
24573,1
94717,1
64971,1
88643,1
35980,1
94561,1
54537,1
10702,1
39602,1
90746,1
4299,1
59032,1
32868,1
18390,1
3190,1
22647,1
17230,1
1268,1
6290,1
16472,1
95662,1
23743,1
93500,1
31184,1
48981,1
62817,1
95886,1
6229,1
61684,1
62130,1
42312,1
67775,1
85320,1
90741,1
11241,1
94797,1
62381,1
79983,1
98113,1
93216,1
54255,1
53286,1
53089,1
86585,1
91123,1
7408,1
21333,1
45379,1
21316,1
49949,1
91932,1
23880,1
73303,1
80801,1
8749,1
8130,1
1123,1
26244,1
93632,1
91664,1
14494,1
2750,1
92447,1
19863,1
51719,1
44049,1
30817,1
21080,1
71457,1
64243,1
3880,1
72749,1
86357,1
60677,1
33659,1
5697,1
28818,1
27959,1
43645,1
49012,1
96418,1
93471,1
45475,1
23177,1
69298,1
16203,1
57530,1
44120,1
80205,1
39223,1
69967,1
4025,1
43064,1
29898,1
8858,1
83899,1
69825,1
86420,1
10806,1
81086,1
80509,1
4510,1
78906,1
32330,1
93812,1
47257,1
46909,1
24906,1
29722,1
7540,1
78278,1
82028,1
80101,1
14289,1
35402,1
60773,1
24111,1
33752,1
36433,1
21374,1
84214,1
94359,1
73366,1
40835,1
66327,1
58239,1
29364,1
98984,1
78539,1
2186,1
53888,1
39367,1
82037,1
77380,1
93368,1
59628,1
25685,1
20294,1
61124,1
39284,1
79223,1
95939,1
39291,1
2171,1
11245,1
75295,1
61519,1
88140,1
64600,1
21765,1
79541,1
70005,1
84175,1
75892,1
36859,1
78155,1
36244,1
87025,1
33190,1
19723,1
12599,1
29109,1
77942,1
11495,1
52080,1
23622,1
70175,1
7416,1
82609,1
74299,1
84302,1
19523,1
88805,1
38718,1
97344,1
97341,1
61035,1
43065,1
60915,1
58608,1
78093,1
6247,1
87773,1
50551,1
82059,1
85988,1
8689,1
63071,1
61135,1
59584,1
18438,1
95893,1
98620,1
93687,1
90589,1
27681,1
19528,1
80091,1
23658,1
15468,1
98817,1
24324,1
24287,1
75656,1
78679,1
79813,1
83629,1
5011,1
67093,1
57425,1
25418,1
58318,1
44088,1
86858,1
13231,1
68064,1
83114,1
62624,1
43666,1
20260,1
13368,1
15602,1
72626,1
70993,1
70538,1
30744,1
66752,1
30203,1
28773,1
60794,1
50188,1
75482,1
33739,1
49705,1
48942,1
88385,1
51804,1
64179,1
14688,1
33519,1
73398,1
32627,1
68497,1
45467,1
40826,1
7446,1
44506,1
66037,1
72098,1
62744,1
28207,1
40220,1
75232,1
65780,1
69794,1
9952,1
59020,1
49158,1
94780,1
62764,1
11634,1
13348,1
98165,1
23617,1
6006,1
27411,1
6451,1
58879,1
95609,1
61163,1
70465,1
1645,1
69706,1
76876,1
9325,1
40279,1
18017,1
22161,1
36733,1
86340,1
58017,1
76446,1
17309,1
33048,1
62433,1
29628,1
23491,1
92642,1
67753,1
33299,1
63374,1
9435,1
61998,1
81643,1
75310,1
56112,1
65590,1
24633,1
38173,1
84817,1
43562,1
45991,1
6060,1
33525,1
43723,1
98143,1
66321,1
97977,1
8242,1
71463,1
96984,1
42213,1
20950,1
3787,1
1718,1
78688,1
41609,1
95154,1
52086,1
88939,1
58277,1
13797,1
65499,1
23205,1
49796,1
73068,1
8286,1
4125,1
97065,1
45713,1
28235,1
78471,1
37469,1
52687,1
89751,1
66812,1
41220,1
17774,1
94447,1
91509,1
76448,1
36711,1
40380,1
96137,1
10969,1
46680,1
26934,1
94128,1
76637,1
81249,1
2614,1
54892,1
14108,1
40028,1
54086,1
50967,1
82817,1
94427,1
7081,1
97196,1
9485,1
62233,1
54022,1
22079,1
3540,1
23234,1
11276,1
25640,1
52360,1
91994,1
82863,1
65436,1
37133,1
65300,1
43527,1
2860,1
98662,1
7838,1
54256,1
95545,1
24034,1
65118,1
67368,1
77080,1
69459,1
11037,1
91207,1
31343,1
4247,1
31235,1
96030,1
31764,1
75340,1
27737,1
34033,1
82439,1
88782,1
13276,1
81935,1
77324,1
88606,1
72148,1
81264,1
84949,1
21856,1
58659,1
60647,1
22896,1
21784,1
71223,1
54092,1
76155,1
44179,1
13617,1
830,1
59297,1
47261,1
55941,1
17674,1
49917,1
21403,1
22271,1
3265,1
46630,1
13850,1
8791,1
81984,1
71748,1
9954,1
11874,1
85532,1
82192,1
41034,1
72687,1
29402,1
83057,1
69152,1
66517,1
65341,1
18732,1
4945,1
77906,1
42797,1
5035,1
90363,1
61593,1
52202,1
43304,1
1203,1
14670,1
71824,1
15560,1
6482,1
75192,1
67879,1
75382,1
35533,1
91803,1
87463,1
95741,1
11145,1
60115,1
50190,1
78175,1
85278,1
84740,1
49731,1
71853,1
97724,1
48498,1
93526,1
56350,1
6929,1
6185,1
67421,1
88978,1
36721,1
34406,1
13924,1
27919,1
95869,1
25878,1
67922,1
55889,1
80834,1
21199,1
74626,1
7389,1
12675,1
52180,1
61898,1
47966,1
15122,1
26352,1
5346,1
73471,1
81281,1
98231,1
58009,1
27032,1
85912,1
64070,1
76014,1
54056,1
38198,1
4490,1
51784,1
26726,1
68967,1
19495,1
57449,1
41654,1
52500,1
11760,1
80533,1
9471,1
55680,1
39624,1
859,1
27786,1
43830,1
66161,1
82437,1
11397,1
90260,1
21444,1
85617,1
98751,1
9447,1
63010,1
4906,1
59269,1
83459,1
71044,1
30412,1
18738,1
56076,1
28566,1
62620,1
88868,1
54521,1
57860,1
2484,1
66447,1
44570,1
56697,1
22186,1
31454,1
78880,1
19644,1
58600,1
18516,1
67083,1
65696,1
50058,1
54841,1
42760,1
6248,1
97687,1
47546,1
48446,1
97438,1
97083,1
97543,1
50028,1
72358,1
32199,1
47964,1
64146,1
48740,1
63077,1
24651,1
20832,1
6179,1
25213,1
80650,1
93348,1
10725,1
23294,1
50935,1
79743,1
5842,1
58423,1
43265,1
26796,1
77597,1
21291,1
68995,1
68999,1
55605,1
26139,1
72217,1
680,1
52793,1
97684,1
79749,1
62833,1
88730,1
15131,1
4711,1
74433,1
63547,1
65934,1
80352,1
59787,1
91868,1
57077,1
29695,1
20376,1
63313,1
97898,1
39260,1
50482,1
45941,1
10802,1
82049,1
46818,1
51791,1
77343,1
25987,1
18006,1
91466,1
98045,1
31779,1
82532,1
48770,1
62228,1
60843,1
80408,1
59793,1
93386,1
18087,1
97310,1
49320,1
60920,1
50817,1
17223,1
19183,1
33465,1
54218,1
59702,1
85466,1
90634,1
53719,1
15256,1
11992,1
96688,1
20042,1
11175,1
34110,1
54382,1
78987,1
32883,1
9339,1
58483,1
33158,1
62602,1
85919,1
28356,1
24802,1
35235,1
16418,1
491,1
70395,1
81422,1
68581,1
62700,1
65582,1
32782,1
30750,1
53462,1
40080,1
10486,1
26718,1
47975,1
64612,1
46489,1
64318,1
64482,1
446,1
61980,1
82448,1
74329,1
20781,1
66493,1
95095,1
65947,1
47676,1
70977,1
47824,1
86907,1
10164,1
29240,1
39281,1
12209,1
92094,1
96528,1
35634,1
54049,1
60619,1
18257,1
79674,1
95437,1
38069,1
8189,1
70678,1
84333,1
6811,1
8536,1
78396,1
15911,1
37417,1
80841,1
57362,1
42710,1
48168,1
9943,1
66301,1
41215,1
73604,1
88113,1
11809,1
60327,1
62768,1
27498,1
55788,1
1005,1
54810,1
87815,1
52881,1
77402,1
42023,1
5002,1
65068,1
4960,1
72088,1
96638,1
72057,1
82564,1
42568,1
92750,1
51181,1
11279,1
29337,1
85099,1
23917,1
25982,1
88865,1
85832,1
4925,1
91615,1
58844,1
89405,1
73186,1
64017,1
43807,1
56828,1
65628,1
50258,1
70657,1
23767,1
77590,1
14436,1
84798,1
66309,1
54716,1
9579,1
48603,1
40161,1
10146,1
36037,1
47355,1
30695,1
21956,1
23660,1
77793,1
27593,1
62254,1
72703,1
11590,1
3437,1
47452,1
48418,1
47228,1
4686,1
6230,1
34482,1
90662,1
89494,1
87895,1
2715,1
65136,1
91977,1
51168,1
4586,1
65892,1
32655,1
96552,1
59884,1
5673,1
82526,1
4050,1
27382,1
92922,1
88736,1
80528,1
79221,1
58260,1
19041,1
29869,1
87317,1
34058,1
7486,1
34312,1
18838,1
72930,1
84469,1
73330,1
46695,1
29917,1
60041,1
50747,1
19576,1
21887,1
2541,1
69408,1
71570,1
20474,1
35948,1
54954,1
10790,1
30062,1
96694,1
11155,1
42976,1
1602,1
34216,1
15755,1
71427,1
94058,1
70036,1
53266,1
1302,1
51848,1
59229,1
379,1
86794,1
31034,1
66062,1
57384,1
6366,1
45925,1
51416,1
91682,1
24476,1
62019,1
95934,1
7464,1
27997,1
98032,1
80972,1
57033,1
98234,1
38278,1
22455,1
63124,1
10557,1
97120,1
45222,1
81869,1
77335,1
34433,1
87176,1
49896,1
21542,1
96683,1
55966,1
36084,1
10574,1
26923,1
66625,1
14575,1
276,1
24855,1
88788,1
88105,1
41934,1
52698,1
75965,1
16426,1
20810,1
76231,1
36524,1
17576,1
14657,1
79695,1
98441,1
19172,1
64329,1
92996,1
69698,1
43435,1
35497,1
47081,1
92646,1
85174,1
65998,1
42528,1
5890,1
65448,1
47096,1
19916,1
11567,1
97862,1
41369,1
30231,1
2547,1
10091,1
88687,1
97829,1
62641,1
36451,1
37767,1
13876,1
52652,1
15440,1
32850,1
6441,1
14266,1
77118,1
82201,1
55556,1
46070,1
81973,1
32813,1
4606,1
11273,1
12432,1
54160,1
11969,1
33295,1
58989,1
16357,1
48530,1
38475,1
80400,1
9541,1
90886,1
73206,1
32080,1
27224,1
68374,1
9401,1
60100,1
31742,1
52640,1
10844,1
83991,1
60317,1
2572,1
96103,1
55693,1
82361,1
10120,1
87139,1
93429,1
9382,1
30547,1
96745,1
30212,1
18961,1
13179,1
67470,1
18397,1
18039,1
93763,1
74144,1
9870,1
9078,1
96507,1
86582,1
64888,1
19985,1
24715,1
35918,1
48588,1
51165,1
45188,1
67557,1
34267,1
51179,1
36790,1
22179,1
76866,1
60095,1
31191,1
64680,1
86164,1
63006,1
77748,1
63684,1
17121,1
41982,1
77591,1
98272,1
27133,1
2432,1
21626,1
12810,1
50397,1
39648,1
4678,1
87265,1
65141,1
48094,1
13584,1
68346,1
78929,1
18497,1
26166,1
52259,1
82249,1
60596,1
93824,1
17403,1
37765,1
91021,1
9156,1
32167,1
35363,1
68129,1
49311,1
94486,1
74109,1
80515,1
46567,1
88103,1
16794,1
17534,1
1292,1
71596,1
59819,1
17864,1
68070,1
25275,1
48408,1
74387,1
98189,1
61931,1
23944,1
94257,1
73238,1
47738,1
49695,1
23712,1
57504,1
63788,1
91743,1
97718,1
89495,1
71372,1
60645,1
60837,1
86480,1
96641,1
55504,1
37411,1
77877,1
68629,1
82758,1
56869,1
68720,1
85757,1
59480,1
85256,1
52560,1
66345,1
27855,1
9635,1
17527,1
30785,1
11854,1
77346,1
59374,1
30068,1
85748,1
95021,1
49820,1
17115,1
63520,1
93939,1
92422,1
49328,1
60906,1
35055,1
48667,1
41853,1
55783,1
21250,1
7840,1
9472,1
971,1
84099,1
69623,1
71010,1
35372,1
62803,1
52065,1
92907,1
81669,1
90507,1
80852,1
64802,1
44752,1
95034,1
72121,1
62785,1
47425,1
24644,1
20499,1
25478,1
4331,1
2902,1
34626,1
62915,1
26941,1
4273,1
41602,1
50875,1
55591,1
68575,1
90248,1
15061,1
67752,1
47105,1
5919,1
32200,1
82974,1
16807,1
94923,1
20351,1
41385,1
75542,1
62284,1
8493,1
68696,1
61509,1
77827,1
40815,1
1629,1
62319,1
24839,1
56183,1
68215,1
16100,1
1922,1
45954,1
39606,1
89369,1
89715,1
91143,1
6877,1
27091,1
53458,1
3566,1
49640,1
36217,1
73077,1
64803,1
46234,1
91032,1
95931,1
15370,1
10185,1
9347,1
62637,1
38878,1
34660,1
60549,1
29930,1
58718,1
8898,1
19147,1
32418,1
12708,1
28568,1
28153,1
19374,1
24891,1
85852,1
53419,1
87471,1
51125,1
70845,1
24996,1
55388,1
16509,1
47177,1
62681,1
2500,1
19360,1
10082,1
23462,1
43525,1
32540,1
47343,1
30565,1
58776,1
29516,1
13045,1
34675,1
40209,1
43501,1
83154,1
62526,1
46831,1
26690,1
85542,1
66851,1
55761,1
13622,1
12878,1
88532,1
979,1
43022,1
73291,1
9517,1
2661,1
50114,1
57800,1
12193,1
53935,1
63817,1
28014,1
25489,1
91953,1
3712,1
18923,1
92647,1
49629,1
79637,1
71423,1
83149,1
2761,1
82,1
36715,1
82236,1
55183,1
11146,1
58347,1
4404,1
18800,1
53761,1
96685,1
73256,1
6700,1
71305,1
5604,1
73009,1
82537,1
28060,1
87986,1
73987,1
75318,1
2276,1
25938,1
58376,1
76713,1
71225,1
43376,1
64398,1
18650,1
18132,1
49829,1
61103,1
71403,1
56038,1
66132,1
5659,1
82480,1
81618,1
18344,1
62378,1
29610,1
10251,1
93464,1
60497,1
59604,1
26197,1
67247,1
84825,1
12806,1
23864,1
55344,1
71209,1
77279,1
34394,1
90426,1
6450,1
79959,1
12770,1
71395,1
90520,1
34338,1
27905,1
89794,1
50825,1
25032,1
436,1
25936,1
18322,1
45326,1
62601,1
23702,1
45864,1
6233,1
42026,1
76620,1
29901,1
44679,1
12818,1
98259,1
34846,1
19479,1
37113,1
52759,1
1976,1
66730,1
49697,1
81784,1
89610,1
14845,1
47160,1
18477,1
77296,1
77859,1
60682,1
76125,1
84696,1
53033,1
67553,1
38910,1
12487,1
51405,1
76856,1
86417,1
91467,1
67821,1
21588,1
63719,1
54638,1
79683,1
39857,1
77988,1
23567,1
8668,1
14085,1
17947,1
28256,1
96669,1
45911,1
32522,1
63144,1
60676,1
92583,1
18872,1
86786,1
5920,1
39723,1
67062,1
70682,1
25616,1
34220,1
85911,1
54209,1
86781,1
3897,1
8035,1
88099,1
53735,1
56418,1
89647,1
65562,1
85460,1
84217,1
70126,1
96135,1
49489,1
30498,1
3701,1
37248,1
73268,1
15563,1
42228,1
86323,1
62869,1
47788,1
68314,1
23044,1
89762,1
60823,1
7684,1
28751,1
55461,1
21537,1
19955,1
1264,1
14622,1
72149,1
94958,1
78955,1
30284,1
80479,1
88855,1
61984,1
57506,1
79614,1
69695,1
21564,1
74573,1
10097,1
20557,1
95614,1
63133,1
58763,1
34664,1
7926,1
97960,1
76514,1
76483,1
73005,1
27687,1
10594,1
12753,1
70321,1
95758,1
26544,1
39844,1
8355,1
76454,1
44865,1
46931,1
22666,1
90273,1
16145,1
80193,1
98979,1
7208,1
84255,1
81828,1
56999,1
26367,1
37364,1
18774,1
26008,1
33498,1
60029,1
33763,1
37090,1
70937,1
15892,1
72477,1
16297,1
14725,1
14811,1
8004,1
38668,1
54610,1
73109,1
46393,1
51783,1
8798,1
56383,1
78153,1
13668,1
51566,1
80403,1
28247,1
8950,1
28144,1
2330,1
5682,1
37308,1
26463,1
51026,1
87356,1
22837,1
44852,1
70591,1
35339,1
13491,1
1200,1
36259,1
23791,1
22099,1
73257,1
55526,1
54795,1
73233,1
55911,1
22914,1
42299,1
7619,1
76410,1
97416,1
14542,1
84545,1
63739,1
41940,1
54374,1
50578,1
28028,1
13259,1
4232,1
40012,1
80041,1
68468,1
28827,1
85895,1
11670,1
88132,1
71738,1
40978,1
23159,1
28934,1
68110,1
82663,1
31024,1
3822,1
3980,1
10468,1
84725,1
1219,1
66361,1
93673,1
93419,1
8213,1
26456,1
35774,1
65439,1
84251,1
82088,1
93571,1
40552,1
91037,1
2847,1
87991,1
76919,1
16170,1
84247,1
68060,1
35795,1
22011,1
14658,1
82753,1
89492,1
56435,1
9774,1
95045,1
60548,1
19299,1
60659,1
40549,1
61236,1
31881,1
5166,1
68380,1
74119,1
22133,1
38572,1
97076,1
74041,1
51340,1
94814,1
82589,1
64437,1
3131,1
33415,1
70489,1
87341,1
45920,1
5113,1
19917,1
3967,1
3291,1
71675,1
831,1
71276,1
47732,1
18239,1
80198,1
72461,1
75252,1
55524,1
67023,1
57290,1
71142,1
65322,1
67823,1
84025,1
87980,1
1794,1
80393,1
9660,1
75464,1
12090,1
87596,1
20335,1
19636,1
47074,1
83441,1
15345,1
84775,1
26811,1
50968,1
60953,1
15642,1
55685,1
36431,1
46722,1
72276,1
41423,1
48812,1
47717,1
26025,1
81988,1
1095,1
18422,1
76032,1
66789,1
27370,1
90031,1
78662,1
33809,1
42221,1
47996,1
30928,1
96161,1
12516,1
40017,1
50355,1
38008,1
97410,1
82047,1
78944,1
45296,1
38990,1
65671,1
72304,1
8184,1
7237,1
64253,1
19024,1
75091,1
16030,1
77865,1
67695,1
56039,1
39468,1
23821,1
46787,1
84608,1
9768,1
2956,1
20532,1
90627,1
37777,1
11390,1
598,1
90832,1
31354,1
11339,1
54514,1
62938,1
88723,1
5715,1
68959,1
45927,1
37072,1
39479,1
92923,1
75255,1
90647,1
6388,1
78572,1
28119,1
15821,1
79030,1
49735,1
32265,1
63882,1
76863,1
27364,1
25039,1
95288,1
36999,1
14382,1
70805,1
81515,1
80145,1
93498,1
71387,1
53004,1
88612,1
24829,1
80424,1
33695,1
34023,1
24698,1
8828,1
20193,1
78844,1
1030,1
2399,1
96887,1
30596,1
6387,1
96115,1
42,1
89372,1
28648,1
80345,1
36129,1
47773,1
67195,1
46465,1
96319,1
7151,1
61882,1
8110,1
40375,1
22593,1
7607,1
60634,1
82692,1
32078,1
64889,1
87118,1
86463,1
62717,1
4567,1
39001,1
11202,1
61917,1
78967,1
91101,1
40953,1
83704,1
68960,1
53808,1
49881,1
33312,1
59928,1
83849,1
17913,1
80042,1
65656,1
83858,1
22756,1
70961,1
90982,1
93114,1
14683,1
50390,1
38001,1
47374,1
11158,1
70791,1
87897,1
17905,1
74494,1
17614,1
61283,1
67095,1
77016,1
57068,1
77602,1
35286,1
57321,1
49063,1
79808,1
35147,1
28721,1
10058,1
72284,1
7194,1
41237,1
35782,1
95560,1
60225,1
38895,1
29244,1
19721,1
50032,1
9158,1
92645,1
91629,1
5006,1
87905,1
10063,1
21655,1
4909,1
52410,1
28682,1
21932,1
60472,1
21321,1
19578,1
92578,1
63297,1
77864,1
1636,1
97545,1
95755,1
39697,1
2784,1
51418,1
9557,1
46025,1
2766,1
19035,1
11826,1
23719,1
27894,1
22809,1
87153,1
47949,1
45216,1
3521,1
2828,1
78387,1
85118,1
72467,1
34287,1
54336,1
98805,1
85131,1
51721,1
82265,1
56290,1
48590,1
53080,1
26593,1
65837,1
41937,1
25509,1
18831,1
95164,1
59653,1
27954,1
37834,1
91407,1
85293,1
26228,1
77446,1
98529,1
91095,1
96661,1
98373,1
78728,1
36887,1
77724,1
44153,1
7338,1
68062,1
87835,1
26586,1
29308,1
46965,1
59540,1
29741,1
94082,1
4333,1
70723,1
24224,1
35456,1
91961,1
68132,1
90368,1
21368,1
43025,1
13371,1
21016,1
36173,1
68098,1
94504,1
73711,1
61444,1
17839,1
69060,1
22098,1
18248,1
67127,1
57637,1
40075,1
73934,1
14246,1
81596,1
3729,1
7625,1
63441,1
57122,1
54459,1
20756,1
24714,1
85164,1
28630,1
282,1
65216,1
80490,1
13430,1
17305,1
80309,1
89316,1
58730,1
26469,1
55263,1
51647,1
2741,1
47712,1
79667,1
40796,1
1233,1
16029,1
12295,1
14384,1
31353,1
50849,1
39846,1
41544,1
11893,1
83468,1
57237,1
54556,1
62861,1
58109,1
70365,1
68744,1
95628,1
47132,1
546,1
68369,1
82935,1
29835,1
26820,1
25843,1
89993,1
50242,1
80157,1
88520,1
8594,1
32270,1
34703,1
8072,1
29301,1
43578,1
4228,1
13809,1
28552,1
88726,1
20555,1
62145,1
68767,1
20598,1
50946,1
1599,1
70415,1
3814,1
42896,1
89633,1
17475,1
38319,1
25611,1
82330,1
6932,1
53240,1
41764,1
315,1
37323,1
65864,1
37436,1
32396,1
75269,1
15829,1
55339,1
44200,1
97604,1
20526,1
1306,1
83895,1
41387,1
36730,1
44892,1
80319,1
46296,1
6426,1
86910,1
32945,1
58266,1
18646,1
42663,1
71522,1
20284,1
17022,1
55242,1
54526,1
68878,1
30857,1
67305,1
43312,1
75680,1
63367,1
3720,1
17554,1
61881,1
39927,1
57488,1
5442,1
65953,1
2217,1
57289,1
45425,1
95073,1
49603,1
84380,1
97727,1
95727,1
27058,1
8275,1
72251,1
92291,1
90769,1
54543,1
97364,1
49744,1
67302,1
46298,1
72961,1
5644,1
86086,1
25234,1
16705,1
22795,1
30000,1
40304,1
32176,1
28027,1
70952,1
44693,1
18914,1
6927,1
29791,1
15601,1
36372,1
23166,1
37804,1
27494,1
50041,1
37,1
13158,1
81485,1
43728,1
54376,1
10212,1
60761,1
44675,1
36651,1
37577,1
48943,1
55939,1
85000,1
68615,1
1915,1
48206,1
95114,1
44751,1
16853,1
48801,1
9511,1
48156,1
55247,1
63948,1
11489,1
79663,1
73117,1
40104,1
48620,1
89020,1
61929,1
98424,1
36195,1
60125,1
65488,1
63338,1
90791,1
70284,1
41279,1
29343,1
57942,1
71732,1
18857,1
74120,1
9327,1
48553,1
62542,1
15180,1
66694,1
81532,1
68270,1
84543,1
85994,1
83270,1
73804,1
83013,1
22975,1
23787,1
98910,1
7500,1
56120,1
96841,1
18812,1
25460,1
46710,1
55135,1
37697,1
76782,1
44108,1
10883,1
67370,1
77687,1
9613,1
7566,1
31979,1
27800,1
63679,1
14156,1
1620,1
7117,1
20375,1
87783,1
26900,1
73095,1
56093,1
68725,1
71557,1
72277,1
76723,1
22462,1
82472,1
30180,1
85906,1
69268,1
76299,1
86368,1
37603,1
37639,1
42965,1
49674,1
7929,1
40558,1
25093,1
47056,1
97281,1
43992,1
89447,1
11696,1
41586,1
78672,1
79004,1
51029,1
77580,1
45032,1
20105,1
79804,1
56203,1
48885,1
67685,1
9507,1
45783,1
22472,1
35316,1
98118,1
87416,1
91997,1
98409,1
68367,1
14878,1
65197,1
67579,1
76377,1
74199,1
36742,1
43472,1
89531,1
58138,1
9887,1
47516,1
41348,1
78050,1
87456,1
31058,1
10318,1
54657,1
54232,1
47352,1
42862,1
15188,1
75735,1
78800,1
54051,1
52481,1
12828,1
9546,1
23065,1
92271,1
32044,1
44626,1
80883,1
81450,1
54748,1
49938,1
54798,1
25870,1
71357,1
42623,1
52102,1
26380,1
57129,1
77184,1
19613,1
35242,1
27342,1
62515,1
92982,1
23198,1
95260,1
32031,1
17335,1
18997,1
56168,1
96563,1
2357,1
56248,1
90471,1
16938,1
74465,1
22885,1
88375,1
83622,1
7719,1
18677,1
96459,1
88215,1
94493,1
40785,1
16910,1
27972,1
88439,1
81392,1
13902,1
37191,1
25762,1
49058,1
12344,1
6839,1
24566,1
83906,1
30076,1
82435,1
67097,1
95969,1
29392,1
10282,1
98702,1
32967,1
77825,1
33130,1
13325,1
34854,1
17642,1
46519,1
48881,1
30494,1
14283,1
14030,1
41352,1
43094,1
51668,1
5155,1
62961,1
92141,1
97224,1
69948,1
19199,1
43918,1
23995,1
71321,1
79162,1
21108,1
76091,1
39901,1
81284,1
20160,1
34638,1
32536,1
69873,1
62204,1
74861,1
95493,1
67318,1
16732,1
29203,1
8101,1
56739,1
50613,1
98008,1
14650,1
4576,1
48132,1
43719,1
2903,1
44038,1
52328,1
63528,1
55839,1
87696,1
76018,1
75229,1
60247,1
74918,1
52710,1
64999,1
54369,1
14330,1
71934,1
73942,1
8357,1
6138,1
13344,1
13304,1
94442,1
86115,1
78294,1
14843,1
73057,1
82911,1
70553,1
25321,1
92512,1
91879,1
83669,1
29279,1
92937,1
35068,1
61353,1
63190,1
4464,1
34726,1
44609,1
57502,1
40927,1
16843,1
82459,1
20770,1
55844,1
98636,1
10591,1
46776,1
60690,1
77131,1
75757,1
3415,1
91641,1
19266,1
39618,1
20265,1
81795,1
47377,1
542,1
72875,1
11266,1
5519,1
70719,1
46628,1
40096,1
12512,1
5273,1
84907,1
26573,1
19834,1
15973,1
35717,1
94952,1
85091,1
73778,1
85537,1
8758,1
25784,1
13968,1
30573,1
56329,1
12729,1
29463,1
11439,1
50405,1
67251,1
78663,1
20384,1
58919,1
46702,1
31642,1
93764,1
75979,1
10496,1
86607,1
24940,1
24135,1
17834,1
79023,1
96772,1
21036,1
31508,1
69042,1
71995,1
66753,1
47500,1
36438,1
10805,1
28690,1
66149,1
16180,1
33691,1
42278,1
64551,1
24100,1
77596,1
34351,1
19622,1
42256,1
97346,1
44915,1
62604,1
26476,1
19693,1
44539,1
97123,1
93984,1
63866,1
29075,1
28987,1
12787,1
47095,1
28221,1
81480,1
29550,1
59937,1
37798,1
32045,1
17516,1
55716,1
33363,1
73301,1
19300,1
11408,1
56328,1
61047,1
57788,1
82147,1
92643,1
14288,1
27150,1
68857,1
13592,1
43931,1
68482,1
97756,1
87311,1
4231,1
21223,1
68308,1
64554,1
20780,1
81642,1
16763,1
37522,1
42630,1
51798,1
66102,1
50746,1
14361,1
54197,1
23807,1
5143,1
36572,1
58145,1
51857,1
97553,1
79450,1
94192,1
8532,1
96869,1
58011,1
67058,1
27608,1
66365,1
45391,1
80180,1
58508,1
56333,1
71517,1
51814,1
18029,1
64147,1
8610,1
35693,1
35076,1
4046,1
10897,1
77913,1
71147,1
49441,1
61140,1
13338,1
71922,1
65898,1
52978,1
33148,1
41512,1
70820,1
6351,1
96352,1
76516,1
58890,1
4289,1
67722,1
23110,1
7556,1
70025,1
28389,1
92634,1
23855,1
18277,1
76182,1
43784,1
39801,1
49333,1
81740,1
27526,1
54476,1
13269,1
73327,1
44701,1
63508,1
17432,1
20364,1
57888,1
11225,1
98262,1
79536,1
26131,1
82091,1
73966,1
84998,1
6878,1
49727,1
9002,1
26066,1
49510,1
21491,1
82515,1
30808,1
76965,1
3086,1
62187,1
83731,1
73823,1
51518,1
1263,1
37325,1
40466,1
23120,1
40948,1
18938,1
87612,1
67467,1
80936,1
21045,1
77770,1
77545,1
92244,1
23313,1
96357,1
63122,1
26221,1
86359,1
38100,1
40202,1
69296,1
7884,1
70420,1
40775,1
54485,1
73642,1
85714,1
86170,1
78061,1
25890,1
42942,1
17477,1
67136,1
68555,1
49986,1
91728,1
65786,1
46713,1
12648,1
39242,1
40647,1
52133,1
9652,1
86774,1
52981,1
45820,1
3617,1
75967,1
66418,1
95512,1
26511,1
30561,1
92542,1
7650,1
66232,1
87466,1
69734,1
53000,1
73392,1
62811,1
40026,1
344,1
97222,1
5181,1
75454,1
70839,1
61791,1
62704,1
10080,1
87936,1
85334,1
75442,1
69292,1
33370,1
65680,1
19789,1
55603,1
95269,1
72309,1
1673,1
32993,1
79155,1
52819,1
40805,1
90950,1
18010,1
12178,1
37928,1
22303,1
86501,1
42512,1
6419,1
18623,1
55954,1
18877,1
63846,1
30282,1
18853,1
41708,1
21933,1
96384,1
53429,1
34663,1
76687,1
36713,1
20462,1
73054,1
19921,1
24754,1
36312,1
91870,1
67672,1
11884,1
75063,1
24574,1
4390,1
38066,1
75913,1
1196,1
40764,1
55040,1
36996,1
66352,1
13737,1
34213,1
9326,1
15366,1
19588,1
17124,1
3002,1
66542,1
52231,1
60331,1
16488,1
77046,1
14230,1
80064,1
74631,1
48423,1
28549,1
16926,1
68796,1
19542,1
97393,1
70084,1
75208,1
28350,1
44731,1
61053,1
856,1
16127,1
51852,1
78686,1
30886,1
57986,1
98071,1
52037,1
39396,1
35136,1
51350,1
41089,1
90890,1
78626,1
41295,1
15378,1
8301,1
81540,1
34473,1
61072,1
56499,1
48325,1
79183,1
98301,1
84485,1
68253,1
42481,1
90163,1
2545,1
59201,1
88651,1
24884,1
22407,1
65331,1
44079,1
61320,1
23374,1
26248,1
46436,1
22657,1
34328,1
15217,1
72338,1
37776,1
2224,1
47328,1
36982,1
29847,1
92806,1
70147,1
87287,1
83547,1
47410,1
13639,1
46627,1
44477,1
14986,1
53676,1
82250,1
18607,1
67798,1
19435,1
37581,1
36791,1
7275,1
77100,1
66335,1
39052,1
642,1
83772,1
82562,1
78367,1
1283,1
82571,1
27375,1
56140,1
9398,1
63213,1
22807,1
23705,1
71871,1
29215,1
19134,1
66518,1
25318,1
49399,1
37862,1
35564,1
41924,1
4158,1
24765,1
85240,1
48967,1
40884,1
61621,1
556,1
61196,1
18026,1
17184,1
78320,1
61151,1
10637,1
57730,1
50717,1
32644,1
843,1
75798,1
60499,1
59450,1
67943,1
38268,1
77473,1
30103,1
40492,1
46324,1
68989,1
55646,1
28561,1
48400,1
95261,1
43883,1
93703,1
34797,1
70813,1
54640,1
55877,1
2046,1
94063,1
2400,1
73447,1
63509,1
43391,1
80648,1
33185,1
2654,1
2211,1
32342,1
13795,1
36620,1
91418,1
41110,1
80956,1
29995,1
90284,1
64646,1
53853,1
39211,1
41573,1
24511,1
92306,1
22594,1
62844,1
9491,1
29079,1
82933,1
35608,1
94982,1
25216,1
62122,1
96478,1
43585,1
42028,1
50899,1
34043,1
52510,1
35152,1
9109,1
93350,1
52628,1
23625,1
8332,1
91913,1
3245,1
58111,1
52175,1
67875,1
49799,1
25801,1
89645,1
37344,1
36521,1
11736,1
54277,1
52858,1
25087,1
24198,1
85410,1
74284,1
93617,1
7481,1
94840,1
49817,1
52933,1
16060,1
97378,1
23481,1
32300,1
72058,1
26427,1
64701,1
28296,1
17307,1
31277,1
1898,1
59427,1
50972,1
85470,1
22602,1
14794,1
39655,1
18790,1
63290,1
50956,1
9798,1
61694,1
55643,1
26061,1
59231,1
86598,1
27083,1
71171,1
26634,1
35248,1
71038,1
30089,1
88472,1
61683,1
31299,1
38063,1
71070,1
72264,1
28991,1
16746,1
57895,1
34645,1
41232,1
8501,1
71337,1
36407,1
89568,1
36296,1
80248,1
42519,1
36297,1
1125,1
82961,1
79405,1
83683,1
5056,1
97533,1
59298,1
4544,1
72255,1
55921,1
37503,1
96091,1
8209,1
84078,1
4689,1
5573,1
72064,1
28644,1
15644,1
26523,1
92913,1
93079,1
60370,1
58814,1
44420,1
63319,1
23724,1
42425,1
48083,1
15286,1
67638,1
21606,1
26927,1
63016,1
88708,1
17514,1
12906,1
97745,1
9367,1
91930,1
77533,1
11343,1
81703,1
6119,1
42444,1
18679,1
59008,1
92362,1
26826,1
98505,1
73650,1
70601,1
37063,1
78708,1
46131,1
43907,1
19526,1
40257,1
28879,1
2413,1
46572,1
56160,1
40227,1
34173,1
86788,1
87521,1
5645,1
7173,1
16984,1
46152,1
12747,1
93929,1
10954,1
73768,1
36695,1
86131,1
98711,1
71211,1
37228,1
96486,1
25332,1
9962,1
67176,1
34253,1
39922,1
38184,1
48115,1
3790,1
91531,1
67488,1
54685,1
65442,1
52887,1
59232,1
3041,1
60648,1
82052,1
82223,1
43148,1
44691,1
71263,1
48472,1
65039,1
7928,1
26063,1
4827,1
1208,1
26297,1
37810,1
53610,1
67738,1
1217,1
42673,1
56654,1
73745,1
61957,1
35519,1
86141,1
3542,1
35614,1
15390,1
8236,1
74615,1
47141,1
19013,1
96597,1
416,1
9294,1
47317,1
97230,1
15487,1
93454,1
39098,1
68001,1
79947,1
28405,1
98630,1
83802,1
92304,1
14041,1
37848,1
59117,1
13585,1
923,1
65478,1
8750,1
64704,1
73874,1
90261,1
74697,1
6788,1
33099,1
53457,1
93654,1
49827,1
25286,1
23910,1
50481,1
62753,1
60138,1
80052,1
25926,1
86000,1
95393,1
87399,1
87520,1
44447,1
63726,1
44849,1
85393,1
79383,1
80820,1
32718,1
75837,1
17454,1
86387,1
97797,1
89175,1
81461,1
27893,1
11981,1
44470,1
7878,1
29963,1
54285,1
96492,1
12169,1
747,1
73397,1
20721,1
29455,1
26225,1
84446,1
91813,1
79466,1
44673,1
65350,1
56914,1
51501,1
22899,1
79963,1
14264,1
86026,1
77426,1
30002,1
58954,1
94107,1
9501,1
19520,1
70433,1
15561,1
40617,1
96712,1
47847,1
8436,1
49100,1
38745,1
23632,1
98985,1
88208,1
53376,1
1632,1
89856,1
34443,1
96843,1
54074,1
79665,1
81077,1
85799,1
34376,1
98432,1
28894,1
79215,1
79115,1
82383,1
31078,1
64326,1
35871,1
69267,1
82755,1
32085,1
21244,1
26393,1
53312,1
10053,1
12584,1
71650,1
24,1
37225,1
23043,1
96670,1
1803,1
78678,1
70819,1
72293,1
56635,1
36051,1
98569,1
31913,1
64873,1
10658,1
2011,1
87335,1
85749,1
55415,1
28059,1
65267,1
18725,1
78604,1
8267,1
43555,1
40535,1
5417,1
60021,1
60372,1
89922,1
56902,1
91140,1
78242,1
42490,1
96959,1
47356,1
72628,1
79359,1
4335,1
94868,1
63480,1
11984,1
71840,1
74843,1
46453,1
31820,1
76832,1
768,1
91519,1
40789,1
92892,1
96526,1
2690,1
29027,1
58046,1
82004,1
18174,1
76215,1
28432,1
95626,1
11265,1
29911,1
36385,1
22736,1
26717,1
28946,1
57490,1
19444,1
14216,1
23259,1
61082,1
80661,1
87401,1
26379,1
15961,1
45354,1
56403,1
20654,1
96128,1
59523,1
77125,1
50354,1
60114,1
81945,1
44183,1
2815,1
28679,1
46103,1
42388,1
73187,1
83181,1
24581,1
172,1
27065,1
55916,1
71808,1
43051,1
45554,1
50009,1
35036,1
92871,1
4548,1
93010,1
83800,1
26394,1
53965,1
6080,1
14385,1
82611,1
68048,1
70095,1
85693,1
12872,1
76950,1
83517,1
42476,1
14114,1
18511,1
30986,1
32636,1
89473,1
43463,1
65393,1
61707,1
68196,1
77001,1
36392,1
44223,1
16619,1
15323,1
74182,1
44424,1
75049,1
22627,1
76452,1
29541,1
30220,1
11195,1
65887,1
4197,1
35822,1
32320,1
61857,1
27377,1
3105,1
326,1
72345,1
58623,1
19709,1
80386,1
6741,1
61342,1
62863,1
86238,1
31955,1
47523,1
92008,1
91574,1
11514,1
94768,1
60487,1
84203,1
19672,1
24951,1
95556,1
27393,1
31373,1
25412,1
41831,1
83667,1
886,1
4613,1
40320,1
69450,1
96934,1
61612,1
36593,1
7775,1
94349,1
15927,1
63073,1
22304,1
23826,1
31522,1
83221,1
53699,1
34047,1
3470,1
681,1
33010,1
68534,1
22631,1
40297,1
98683,1
42048,1
97069,1
77113,1
69002,1
76159,1
12847,1
82591,1
95080,1
52421,1
79180,1
29067,1
66614,1
72341,1
89017,1
87648,1
94878,1
30219,1
65398,1
89931,1
16018,1
17557,1
40991,1
1248,1
79476,1
17355,1
18992,1
72166,1
70340,1
66288,1
61648,1
25196,1
22297,1
55211,1
2591,1
87565,1
92884,1
3454,1
41442,1
4707,1
50265,1
16065,1
39056,1
42779,1
60351,1
7823,1
34879,1
90485,1
4392,1
82819,1
95546,1
13169,1
92981,1
71531,1
11685,1
18385,1
21218,1
85226,1
18661,1
25402,1
77910,1
49511,1
71950,1
19741,1
6385,1
53683,1
2352,1
87417,1
96382,1
27117,1
12574,1
23163,1
86355,1
16549,1
36261,1
11290,1
36113,1
83771,1
89121,1
94260,1
74241,1
87184,1
96360,1
82302,1
47126,1
22726,1
28191,1
55102,1
90544,1
33006,1
69129,1
16337,1
26076,1
94066,1
41944,1
96218,1
76913,1
87473,1
2090,1
27677,1
53945,1
64063,1
66594,1
91665,1
61664,1
40639,1
1606,1
19433,1
37693,1
56773,1
17502,1
41020,1
2409,1
96527,1
35804,1
5435,1
13704,1
33693,1
94984,1
2288,1
71984,1
71613,1
17325,1
68904,1
24910,1
68159,1
37153,1
79391,1
87816,1
54234,1
61605,1
41599,1
38409,1
59509,1
27512,1
60452,1
38827,1
52591,1
97328,1
59389,1
48642,1
81553,1
55281,1
52518,1
90324,1
27888,1
741,1
268,1
12624,1
31921,1
75635,1
12838,1
31123,1
93619,1
48229,1
47815,1
71718,1
92487,1
28733,1
43387,1
35929,1
61677,1
67934,1
89355,1
73104,1
41580,1
24737,1
64880,1
73124,1
84780,1
7630,1
68006,1
28965,1
87771,1
12461,1
38214,1
19511,1
29789,1
20116,1
93149,1
80986,1
74019,1
79618,1
764,1
83385,1
10173,1
14016,1
26305,1
73609,1
68759,1
43133,1
5895,1
73335,1
38509,1
10434,1
11441,1
55568,1
89006,1
89542,1
85438,1
38734,1
89636,1
28266,1
48729,1
73378,1
80417,1
18274,1
75692,1
91480,1
22512,1
10158,1
98058,1
40428,1
47518,1
62912,1
44805,1
20942,1
42233,1
56100,1
37104,1
84564,1
58116,1
93084,1
50024,1
39397,1
47127,1
3282,1
48409,1
45025,1
11359,1
31961,1
50752,1
48727,1
76902,1
92097,1
7399,1
94105,1
97777,1
85686,1
35625,1
82148,1
60860,1
32232,1
98756,1
98825,1
35112,1
57810,1
96836,1
62770,1
15668,1
42358,1
29389,1
63804,1
9318,1
14715,1
80302,1
41212,1
83320,1
84354,1
53893,1
87603,1
35623,1
31285,1
45501,1
71835,1
77610,1
54988,1
78323,1
68977,1
28615,1
63417,1
20554,1
79786,1
7288,1
41653,1
15469,1
83949,1
97594,1
10068,1
80526,1
90250,1
18307,1
61090,1
97849,1
35226,1
34073,1
41228,1
10452,1
57931,1
91479,1
31369,1
22716,1
78096,1
1314,1
7710,1
43839,1
29250,1
25571,1
9734,1
25389,1
76488,1
93596,1
46877,1
43355,1
1463,1
82130,1
37648,1
43519,1
7144,1
17673,1
22262,1
71805,1
35506,1
1952,1
39076,1
88922,1
64121,1
50770,1
48696,1
43690,1
18280,1
61469,1
57214,1
30711,1
67113,1
39614,1
11023,1
46272,1
89015,1
15871,1
20919,1
65361,1
37365,1
31837,1
46899,1
69736,1
21829,1
31776,1
34184,1
10947,1
47716,1
177,1
58488,1
46505,1
27110,1
32197,1
114,1
70760,1
10461,1
1550,1
5305,1
90719,1
13682,1
31304,1
71072,1
57228,1
50740,1
94548,1
82060,1
94296,1
58095,1
86893,1
23171,1
31719,1
56626,1
70823,1
18013,1
11970,1
22752,1
4330,1
35951,1
54002,1
90306,1
88376,1
96015,1
61729,1
59359,1
22028,1
30686,1
4734,1
28030,1
68033,1
98885,1
95676,1
5847,1
19001,1
11160,1
4144,1
87121,1
62275,1
45273,1
88195,1
87642,1
49403,1
89078,1
58052,1
80593,1
29921,1
57429,1
14179,1
28494,1
98307,1
47984,1
78984,1
85432,1
46619,1
74735,1
63363,1
94754,1
46577,1
79782,1
37189,1
24481,1
87604,1
15630,1
74586,1
61014,1
14225,1
16680,1
4579,1
82638,1
48117,1
74598,1
69258,1
26042,1
61454,1
64047,1
96082,1
15076,1
90209,1
271,1
6635,1
19322,1
89389,1
29709,1
20418,1
7018,1
30121,1
34438,1
6181,1
86695,1
65205,1
26149,1
78670,1
51595,1
98473,1
70425,1
32271,1
94738,1
13839,1
25036,1
76729,1
31325,1
72549,1
4340,1
9861,1
20206,1
34677,1
95983,1
85945,1
82099,1
88397,1
74930,1
33765,1
44748,1
59613,1
95791,1
62964,1
33084,1
66380,1
833,1
47162,1
35292,1
30513,1
67533,1
49358,1
88625,1
81117,1
16458,1
37938,1
66339,1
19994,1
46376,1
50732,1
73973,1
95565,1
31750,1
5613,1
93553,1
48183,1
61708,1
61259,1
39660,1
83861,1
63812,1
1980,1
84321,1
46029,1
34577,1
36510,1
50448,1
71691,1
63018,1
65619,1
16604,1
84606,1
25829,1
24436,1
58711,1
83213,1
97846,1
15232,1
7920,1
49336,1
65686,1
81002,1
3487,1
57883,1
56512,1
13230,1
76132,1
76953,1
30501,1
19477,1
80546,1
78401,1
82510,1
6859,1
1410,1
63752,1
21001,1
98796,1
4367,1
82982,1
73368,1
56336,1
25844,1
37700,1
44660,1
61539,1
3912,1
87250,1
16095,1
4255,1
25537,1
16594,1
63683,1
8661,1
20785,1
49096,1
12408,1
20354,1
97282,1
46586,1
5412,1
42049,1
24411,1
84142,1
81862,1
25942,1
8780,1
86885,1
75378,1
86894,1
44993,1
11983,1
15262,1
48608,1
68754,1
3683,1
80875,1
55846,1
653,1
58033,1
49755,1
29725,1
66684,1
69965,1
95401,1
32583,1
47672,1
37879,1
88389,1
46349,1
29766,1
72081,1
87797,1
86402,1
50904,1
45870,1
56368,1
4032,1
82269,1
71882,1
40997,1
1462,1
29382,1
30784,1
9397,1
9260,1
83457,1
86058,1
32289,1
16646,1
5096,1
86542,1
52214,1
58695,1
81719,1
27511,1
90172,1
64865,1
70947,1
13915,1
82292,1
45667,1
89686,1
44250,1
34668,1
15930,1
7236,1
1186,1
84816,1
51222,1
5054,1
23672,1
71310,1
57863,1
83381,1
39222,1
58253,1
81853,1
90451,1
77277,1
87917,1
86618,1
91213,1
31801,1
33938,1
2895,1
51570,1
56645,1
29054,1
45899,1
71499,1
49428,1
42875,1
21585,1
5179,1
24890,1
22437,1
58152,1
93706,1
63862,1
10363,1
86586,1
28576,1
58217,1
20884,1
93280,1
1774,1
97629,1
33484,1
96076,1
36868,1
94044,1
3277,1
12802,1
95299,1
61343,1
63332,1
98525,1
6107,1
28680,1
88694,1
94017,1
46073,1
2642,1
14572,1
3080,1
73090,1
14000,1
79597,1
5849,1
62091,1
28413,1
17509,1
41311,1
48689,1
92057,1
29718,1
65253,1
60396,1
80906,1
10332,1
61769,1
93604,1
33672,1
57485,1
18806,1
5795,1
57869,1
19157,1
93002,1
29373,1
49468,1
74310,1
80955,1
65584,1
82673,1
38140,1
41303,1
29198,1
55562,1
77073,1
65755,1
94272,1
18336,1
8132,1
69511,1
20466,1
75188,1
49051,1
31835,1
54279,1
68663,1
26445,1
93341,1
73707,1
15972,1
7394,1
42712,1
90436,1
34333,1
14837,1
61273,1
93785,1
71635,1
20197,1
74161,1
8599,1
22533,1
24260,1
59063,1
5389,1
65775,1
84028,1
1085,1
86341,1
77887,1
50540,1
8431,1
805,1
53104,1
21060,1
83702,1
31228,1
15518,1
63918,1
26373,1
28378,1
13760,1
29140,1
38930,1
91945,1
86575,1
8396,1
66404,1
36605,1
93787,1
31937,1
80870,1
65962,1
78036,1
86827,1
28024,1
54593,1
18788,1
17877,1
53648,1
1100,1
22556,1
90425,1
24190,1
8341,1
44180,1
40616,1
54976,1
73975,1
36077,1
14317,1
94155,1
6402,1
403,1
4874,1
20813,1
27985,1
42961,1
41664,1
59774,1
89976,1
18576,1
4926,1
65598,1
81090,1
18724,1
9128,1
77220,1
50315,1
87654,1
82424,1
72261,1
73578,1
2588,1
67394,1
88680,1
95205,1
50256,1
65402,1
7723,1
40479,1
18024,1
40679,1
84732,1
78271,1
76718,1
37473,1
3094,1
64743,1
70881,1
88033,1
51197,1
89551,1
69851,1
58178,1
69631,1
44674,1
98005,1
78211,1
1863,1
52087,1
18931,1
77845,1
63070,1
46648,1
6165,1
10903,1
11116,1
20333,1
25125,1
11601,1
37168,1
460,1
37544,1
67416,1
7706,1
18384,1
94289,1
42261,1
13441,1
52282,1
86558,1
79154,1
44761,1
53110,1
26991,1
46178,1
33697,1
27438,1
3751,1
56315,1
51151,1
6276,1
32208,1
14607,1
62649,1
20236,1
75480,1
13253,1
67287,1
26765,1
92456,1
66221,1
72215,1
53130,1
35664,1
4605,1
38304,1
37028,1
29650,1
92259,1
39006,1
3574,1
11468,1
29316,1
50086,1
82481,1
86397,1
55970,1
56566,1
92541,1
87725,1
59216,1
42352,1
59585,1
81980,1
42562,1
78901,1
71926,1
84706,1
9129,1
4435,1
10401,1
89816,1
60373,1
66026,1
48556,1
65803,1
16032,1
67244,1
55121,1
50090,1
74512,1
85869,1
57498,1
51723,1
62525,1
51103,1
40837,1
35935,1
3989,1
72886,1
56296,1
49537,1
47171,1
13186,1
38081,1
66450,1
83954,1
92161,1
90559,1
6738,1
15258,1
70832,1
19346,1
59257,1
32778,1
17856,1
71735,1
10707,1
48842,1
61772,1
30591,1
39166,1
68519,1
3864,1
74890,1
31196,1
25137,1
78483,1
38587,1
26354,1
84872,1
86993,1
97652,1
4385,1
48370,1
30136,1
55983,1
89689,1
39822,1
59859,1
26714,1
90282,1
2598,1
32517,1
37174,1
91350,1
86485,1
26846,1
4585,1
94686,1
87712,1
14599,1
73402,1
43468,1
89948,1
48946,1
73338,1
18766,1
12445,1
14056,1
41371,1
34424,1
5885,1
1551,1
35441,1
1761,1
97394,1
51955,1
51223,1
38511,1
48348,1
24054,1
80864,1
18764,1
53212,1
45749,1
73597,1
48761,1
67596,1
53519,1
55050,1
29089,1
70414,1
89068,1
33121,1
91183,1
77197,1
87754,1
77216,1
92509,1
4027,1
27400,1
7944,1
89327,1
70753,1
69565,1
51552,1
48010,1
31699,1
35548,1
21740,1
71899,1
61728,1
1730,1
7356,1
8616,1
12284,1
34549,1
79565,1
45928,1
30702,1
57385,1
48030,1
48324,1
46479,1
55443,1
28317,1
26450,1
43081,1
12355,1
38366,1
55672,1
8725,1
47721,1
88245,1
28835,1
33360,1
76906,1
21052,1
62565,1
93207,1
42497,1
80575,1
94399,1
15018,1
22499,1
76477,1
22604,1
2366,1
25835,1
35128,1
55604,1
23908,1
2503,1
79777,1
13000,1
1926,1
80267,1
59571,1
45565,1
24676,1
733,1
41851,1
18757,1
92611,1
33235,1
35415,1
35982,1
80183,1
76764,1
88907,1
43351,1
29210,1
42994,1
43814,1
85025,1
47820,1
89245,1
57988,1
69333,1
28277,1
17294,1
67239,1
86362,1
67575,1
5411,1
7841,1
82067,1
98120,1
17008,1
95329,1
25433,1
52757,1
73743,1
3119,1
98689,1
73880,1
62948,1
70378,1
2600,1
54042,1
64237,1
98946,1
82079,1
65239,1
40086,1
30425,1
54752,1
18856,1
1455,1
79975,1
72085,1
91125,1
61087,1
44621,1
45623,1
86473,1
76179,1
52124,1
49543,1
71404,1
36245,1
35306,1
54164,1
30211,1
60086,1
16607,1
42403,1
92528,1
24664,1
44979,1
24766,1
39639,1
51293,1
54378,1
20465,1
54953,1
90963,1
28970,1
60057,1
40454,1
92129,1
10785,1
40986,1
18060,1
62302,1
64694,1
68426,1
36132,1
80736,1
3665,1
64718,1
92788,1
65023,1
71588,1
69083,1
24862,1
49087,1
31245,1
37259,1
84931,1
88120,1
32964,1
14453,1
28585,1
43329,1
61277,1
1222,1
81253,1
10824,1
69644,1
25907,1
68749,1
43823,1
66571,1
87292,1
31455,1
64903,1
95644,1
9483,1
78631,1
81088,1
39847,1
21461,1
79296,1
52688,1
11150,1
89517,1
43608,1
1131,1
56083,1
15484,1
31359,1
1704,1
21611,1
90216,1
39021,1
49224,1
82662,1
34850,1
23608,1
33658,1
83677,1
43160,1
95606,1
23701,1
72037,1
92171,1
56005,1
88448,1
4525,1
3146,1
63393,1
42457,1
26886,1
8846,1
64180,1
33468,1
8699,1
25592,1
68765,1
44778,1
41463,1
83590,1
35869,1
34529,1
83117,1
45500,1
83073,1
87023,1
12319,1
73686,1
35154,1
10155,1
58574,1
2493,1
86,1
98710,1
71891,1
27509,1
47492,1
15616,1
32936,1
7621,1
35973,1
97975,1
61565,1
3963,1
16805,1
1284,1
86204,1
66061,1
33152,1
10236,1
19825,1
43086,1
80931,1
98355,1
73277,1
8910,1
84316,1
89743,1
35827,1
53880,1
73106,1
71236,1
55437,1
49984,1
40637,1
87111,1
13151,1
39357,1
41445,1
76292,1
58810,1
63479,1
89639,1
85388,1
37799,1
43618,1
12925,1
95131,1
81065,1
4341,1
33366,1
85252,1
9119,1
81215,1
41984,1
60570,1
75162,1
42236,1
36717,1
54212,1
44799,1
88895,1
31617,1
43571,1
30594,1
94481,1
28949,1
89738,1
6606,1
32130,1
31873,1
81399,1
4735,1
75908,1
5969,1
53100,1
79481,1
67391,1
20459,1
64105,1
10153,1
2575,1
76015,1
85769,1
69220,1
1874,1
44387,1
11379,1
63342,1
62436,1
92114,1
59237,1
61935,1
58540,1
71112,1
70922,1
37150,1
18403,1
96586,1
42758,1
39011,1
23635,1
27216,1
10467,1
9600,1
25927,1
20913,1
21133,1
18093,1
6802,1
9107,1
39741,1
11213,1
33274,1
27366,1
28832,1
88190,1
81196,1
12202,1
73434,1
39539,1
20886,1
45331,1
4066,1
56193,1
58449,1
95243,1
92811,1
1466,1
14710,1
15330,1
28159,1
43482,1
36437,1
77281,1
10487,1
16533,1
8053,1
45456,1
9278,1
24526,1
40508,1
91362,1
30707,1
52267,1
63624,1
60793,1
42034,1
20652,1
30959,1
81652,1
12285,1
52894,1
8217,1
79582,1
93637,1
47805,1
41364,1
53551,1
48357,1
3871,1
38426,1
29617,1
16447,1
80919,1
66023,1
90019,1
5147,1
41438,1
98197,1
79066,1
76904,1
54682,1
70012,1
57919,1
56205,1
89086,1
59835,1
28193,1
69970,1
4999,1
98184,1
68069,1
77543,1
62290,1
76379,1
56636,1
83640,1
60236,1
81447,1
31442,1
94888,1
74847,1
53342,1
86333,1
72278,1
21153,1
69713,1
60629,1
68814,1
25313,1
13838,1
13329,1
10547,1
22439,1
10738,1
35639,1
90326,1
85960,1
6044,1
94603,1
8391,1
28784,1
7219,1
44902,1
24121,1
74411,1
69500,1
20145,1
48361,1
30301,1
44004,1
62160,1
37282,1
39701,1
31530,1
5488,1
75676,1
98657,1
31778,1
77968,1
86327,1
42692,1
59686,1
55419,1
2959,1
37209,1
54015,1
95933,1
7008,1
935,1
73928,1
62656,1
62270,1
7175,1
66502,1
4504,1
21621,1
80778,1
60955,1
758,1
73490,1
9345,1
97779,1
35151,1
32777,1
43627,1
97226,1
40022,1
56657,1
11257,1
76281,1
90479,1
83866,1
35645,1
72870,1
87532,1
66474,1
46805,1
98191,1
94093,1
24782,1
62874,1
90500,1
51187,1
36128,1
68697,1
2034,1
79465,1
20613,1
65647,1
42311,1
80517,1
55426,1
42116,1
30831,1
49737,1
95695,1
80038,1
77832,1
63685,1
95721,1
94288,1
71703,1
53294,1
76051,1
21805,1
33706,1
44866,1
92654,1
38532,1
49733,1
45586,1
44390,1
98995,1
71802,1
65812,1
52499,1
40414,1
3250,1
16021,1
95415,1
37551,1
94706,1
95422,1
51962,1
2391,1
12500,1
42325,1
9778,1
65339,1
71850,1
52449,1
58735,1
75922,1
17025,1
36484,1
36580,1
81523,1
5167,1
45900,1
88047,1
76133,1
13751,1
11117,1
61487,1
83376,1
25820,1
51393,1
87865,1
70072,1
68182,1
52683,1
84398,1
43240,1
53518,1
71312,1
96463,1
40759,1
97663,1
84786,1
7082,1
50788,1
14923,1
85846,1
10556,1
81598,1
5887,1
51543,1
15311,1
67214,1
57022,1
96183,1
91874,1
89955,1
81059,1
80004,1
6715,1
31291,1
49891,1
41057,1
73579,1
76425,1
55804,1
17018,1
53858,1
25179,1
22370,1
38420,1
37466,1
93942,1
51533,1
49933,1
78968,1
65467,1
93318,1
10545,1
66532,1
72004,1
48294,1
1357,1
3309,1
25428,1
63711,1
16775,1
48239,1
51808,1
81402,1
39906,1
22489,1
69430,1
47564,1
67633,1
77729,1
3933,1
409,1
95287,1
72442,1
33178,1
87637,1
28856,1
50044,1
39790,1
53270,1
38638,1
92446,1
59645,1
89579,1
90112,1
93204,1
73680,1
66213,1
64280,1
36621,1
22614,1
93497,1
91082,1
68980,1
78429,1
61690,1
54235,1
86231,1
35876,1
13499,1
65697,1
75012,1
5070,1
94522,1
12054,1
86707,1
83284,1
81755,1
798,1
30790,1
15890,1
98813,1
17464,1
67297,1
87316,1
94818,1
56058,1
38301,1
13656,1
8969,1
22713,1
85750,1
23994,1
75166,1
92513,1
84668,1
77146,1
21471,1
75539,1
41051,1
78184,1
12697,1
60767,1
49797,1
70504,1
37898,1
75179,1
16585,1
56604,1
34616,1
30123,1
60842,1
65963,1
92327,1
78704,1
5621,1
84250,1
19045,1
83842,1
48564,1
48898,1
1142,1
57651,1
25173,1
6885,1
79788,1
44155,1
1108,1
4866,1
79217,1
23897,1
2100,1
58995,1
71156,1
35911,1
19295,1
7491,1
97471,1
81738,1
5957,1
96296,1
57106,1
97035,1
40155,1
79758,1
1221,1
13808,1
53549,1
57708,1
81436,1
75346,1
60865,1
32884,1
52632,1
95434,1
26741,1
54450,1
73111,1
47919,1
48784,1
38541,1
61754,1
41714,1
7071,1
5051,1
12323,1
70837,1
50796,1
83872,1
50544,1
81756,1
95411,1
90389,1
92326,1
7097,1
66067,1
8000,1
65233,1
34560,1
27094,1
31388,1
56749,1
97938,1
28533,1
71942,1
64579,1
7620,1
56513,1
90644,1
24246,1
44795,1
29404,1
47877,1
16473,1
73870,1
93281,1
94540,1
53364,1
25498,1
46319,1
40878,1
78791,1
42754,1
1335,1
69868,1
15127,1
16693,1
61842,1
44418,1
75431,1
46564,1
60173,1
20511,1
35810,1
84182,1
17446,1
19213,1
84591,1
6875,1
15987,1
77069,1
60786,1
76900,1
4943,1
39417,1
30166,1
9183,1
18530,1
43844,1
1840,1
78882,1
20313,1
76608,1
4967,1
93383,1
44005,1
79262,1
96396,1
26132,1
75075,1
90902,1
12763,1
3606,1
24367,1
65588,1
14473,1
85676,1
10638,1
32310,1
20456,1
83841,1
72013,1
55776,1
94494,1
28145,1
85367,1
33835,1
2404,1
72200,1
30820,1
81894,1
50247,1
1471,1
62793,1
67490,1
81187,1
83909,1
89259,1
34857,1
12534,1
68644,1
5689,1
71846,1
10960,1
47094,1
84495,1
53316,1
92206,1
83070,1
56709,1
82434,1
61402,1
95830,1
38343,1
29690,1
46553,1
57240,1
19935,1
28454,1
69230,1
78765,1
69905,1
98132,1
76797,1
51720,1
52367,1
51561,1
75952,1
11032,1
36931,1
16498,1
83843,1
42367,1
75828,1
30077,1
78557,1
87978,1
78794,1
54946,1
21761,1
22680,1
53332,1
47883,1
97612,1
51995,1
96747,1
6514,1
59316,1
72679,1
66821,1
36284,1
62849,1
97122,1
41074,1
75103,1
81037,1
21903,1
80609,1
5109,1
5650,1
29767,1
16279,1
85109,1
60712,1
81607,1
38757,1
91381,1
51322,1
82173,1
70654,1
5586,1
60864,1
97708,1
16630,1
59805,1
81202,1
23991,1
33929,1
16741,1
86619,1
4575,1
83818,1
35856,1
4709,1
83248,1
30195,1
25005,1
73801,1
60923,1
86510,1
94582,1
59116,1
98363,1
71708,1
3915,1
36206,1
11281,1
62797,1
11019,1
89455,1
88944,1
54236,1
49164,1
626,1
95127,1
94766,1
65437,1
7789,1
77798,1
54784,1
28003,1
62517,1
39118,1
5717,1
13094,1
1345,1
11839,1
53704,1
4765,1
28412,1
22682,1
85247,1
20372,1
77655,1
96897,1
40120,1
46915,1
56358,1
30833,1
19637,1
86124,1
38570,1
53392,1
19175,1
29577,1
1592,1
89576,1
44676,1
6978,1
65470,1
57086,1
83539,1
35394,1
61228,1
2177,1
21366,1
51763,1
32597,1
5436,1
94842,1
78160,1
15939,1
26168,1
104,1
75688,1
8486,1
10852,1
25178,1
57245,1
39577,1
62283,1
77874,1
48963,1
81933,1
57264,1
80872,1
36234,1
15565,1
21672,1
32845,1
50940,1
55143,1
30192,1
97223,1
57386,1
30324,1
34034,1
52851,1
19562,1
93925,1
16427,1
30496,1
79653,1
7649,1
98386,1
89385,1
79151,1
70859,1
92568,1
92971,1
85950,1
94673,1
50447,1
30147,1
84468,1
5756,1
96850,1
31654,1
26475,1
35916,1
90239,1
75330,1
81233,1
88379,1
73171,1
16890,1
2131,1
39159,1
5641,1
93848,1
46863,1
46861,1
81528,1
14671,1
3657,1
96559,1
26257,1
30684,1
84851,1
71806,1
86832,1
46792,1
50583,1
10351,1
82535,1
43622,1
32802,1
13080,1
1760,1
23285,1
49598,1
47982,1
63012,1
96637,1
29458,1
55451,1
12859,1
81404,1
51749,1
69504,1
14633,1
846,1
95213,1
6525,1
85337,1
7963,1
50721,1
95332,1
35448,1
29866,1
52172,1
37218,1
77821,1
4608,1
84407,1
72758,1
64125,1
6397,1
44534,1
696,1
21607,1
39062,1
35541,1
2042,1
48957,1
95160,1
94626,1
82802,1
23836,1
3121,1
88427,1
72652,1
20935,1
6421,1
69217,1
69261,1
95987,1
74293,1
64850,1
86404,1
64604,1
86364,1
82117,1
52314,1
93521,1
19383,1
64333,1
30392,1
76681,1
68321,1
63980,1
4265,1
20783,1
36453,1
45246,1
40719,1
40330,1
8892,1
71002,1
51672,1
37973,1
95503,1
41030,1
29737,1
14351,1
98362,1
20048,1
14805,1
64781,1
71646,1
6752,1
35447,1
34602,1
20208,1
60235,1
61448,1
4207,1
89930,1
32092,1
69866,1
91009,1
79068,1
44404,1
20007,1
32525,1
3741,1
29714,1
32258,1
46392,1
48767,1
1644,1
86106,1
85861,1
61711,1
9953,1
30841,1
221,1
30480,1
59641,1
53755,1
82671,1
44308,1
5953,1
75724,1
38982,1
7310,1
69013,1
5277,1
9664,1
5788,1
6282,1
42484,1
5865,1
41994,1
66942,1
34679,1
32473,1
204,1
20746,1
61500,1
29384,1
54011,1
42734,1
86846,1
80082,1
61381,1
59405,1
67990,1
81335,1
2581,1
23394,1
15742,1
28070,1
65782,1
87999,1
15095,1
67172,1
59672,1
29043,1
919,1
52245,1
69463,1
750,1
11115,1
1712,1
9623,1
58621,1
759,1
49319,1
53239,1
47075,1
38281,1
61423,1
14394,1
85664,1
84758,1
52512,1
30952,1
832,1
81214,1
8177,1
81210,1
55341,1
63633,1
47420,1
68972,1
33281,1
13476,1
87391,1
58127,1
92448,1
7790,1
4775,1
16993,1
46647,1
85440,1
30585,1
66696,1
86468,1
56369,1
96021,1
23414,1
15695,1
40054,1
75394,1
34919,1
83133,1
47191,1
5034,1
62871,1
58042,1
26493,1
15866,1
61232,1
62546,1
6142,1
82179,1
88550,1
91181,1
50877,1
57589,1
8933,1
41683,1
26621,1
70227,1
39368,1
16590,1
91692,1
48309,1
38009,1
79605,1
1361,1
24299,1
59248,1
49654,1
19501,1
93985,1
89133,1
11345,1
40343,1
17802,1
56724,1
91974,1
20850,1
48213,1
96380,1
84598,1
69757,1
83611,1
62821,1
23832,1
32115,1
25656,1
83642,1
61901,1
9510,1
65040,1
43417,1
12501,1
42168,1
25810,1
44130,1
29772,1
44749,1
19116,1
2141,1
72573,1
92474,1
82737,1
96918,1
91767,1
61231,1
29346,1
40286,1
3040,1
62154,1
20458,1
56580,1
42178,1
32598,1
78964,1
10445,1
53828,1
96042,1
29743,1
70159,1
39442,1
64084,1
23797,1
41197,1
39908,1
61399,1
90083,1
73094,1
82651,1
58679,1
88489,1
50189,1
28620,1
79807,1
68703,1
29919,1
3452,1
56178,1
2737,1
35910,1
17934,1
59870,1
75341,1
68018,1
26862,1
27717,1
18560,1
63098,1
91267,1
43338,1
3019,1
93880,1
61459,1
26722,1
74024,1
41781,1
3659,1
63640,1
74148,1
92605,1
38564,1
70788,1
76553,1
6830,1
13189,1
91984,1
12393,1
44286,1
74376,1
28503,1
74867,1
98701,1
23318,1
29749,1
86458,1
3124,1
40944,1
87836,1
15384,1
96118,1
21128,1
64523,1
67009,1
17911,1
81483,1
34459,1
70490,1
66033,1
79201,1
28035,1
28936,1
92347,1
65022,1
29148,1
95819,1
24162,1
22741,1
364,1
29775,1
52880,1
10334,1
74380,1
74393,1
87275,1
27349,1
64252,1
32012,1
91233,1
42658,1
59815,1
1450,1
34179,1
51252,1
15697,1
85871,1
34230,1
71170,1
58378,1
71111,1
81750,1
41492,1
71400,1
16821,1
15956,1
79636,1
90309,1
91496,1
5729,1
6761,1
93854,1
90810,1
41554,1
88582,1
12000,1
6941,1
19056,1
79014,1
4373,1
87755,1
5872,1
7278,1
6963,1
15739,1
2652,1
91036,1
63987,1
34369,1
44112,1
67250,1
31826,1
22578,1
11782,1
9601,1
23478,1
2539,1
46781,1
62300,1
93648,1
85618,1
45126,1
72690,1
78486,1
205,1
20671,1
35471,1
28441,1
12046,1
79111,1
57844,1
18698,1
3147,1
964,1
60515,1
96269,1
44598,1
67333,1
20825,1
97340,1
80388,1
85819,1
94811,1
28587,1
36757,1
84300,1
14686,1
67858,1
86195,1
25652,1
30379,1
85175,1
24230,1
40197,1
1690,1
21094,1
12824,1
80017,1
1266,1
53186,1
66928,1
86868,1
97737,1
51556,1
49302,1
71684,1
65258,1
21121,1
77196,1
60803,1
78415,1
34071,1
40671,1
22337,1
29545,1
50727,1
59910,1
35325,1
77424,1
10497,1
42887,1
65515,1
61942,1
63878,1
16257,1
12300,1
51744,1
46240,1
78759,1
48625,1
19122,1
35754,1
37267,1
18267,1
86032,1
26015,1
64958,1
8020,1
91411,1
15869,1
21598,1
94996,1
4973,1
26389,1
68292,1
34563,1
70494,1
20252,1
20231,1
94432,1
15954,1
87365,1
33797,1
2296,1
75882,1
97489,1
74277,1
34296,1
41449,1
15238,1
40926,1
10347,1
87646,1
93122,1
45008,1
58141,1
67764,1
65669,1
5705,1
2720,1
19291,1
10180,1
55082,1
5837,1
70379,1
78957,1
95775,1
51644,1
49404,1
12060,1
30488,1
11633,1
34962,1
98815,1
27528,1
12425,1
38188,1
79557,1
21114,1
55831,1
36445,1
53987,1
46868,1
20046,1
39348,1
62813,1
39997,1
78573,1
83147,1
31344,1
45570,1
12342,1
63141,1
11780,1
22977,1
92286,1
33668,1
76007,1
34018,1
47897,1
12498,1
90361,1
3042,1
61905,1
94964,1
40502,1
70452,1
57714,1
91570,1
70149,1
3238,1
86937,1
43896,1
83621,1
59100,1
70202,1
65563,1
62599,1
7420,1
39322,1
17040,1
2644,1
5092,1
37312,1
68486,1
77164,1
95630,1
10319,1
66888,1
217,1
23328,1
20130,1
40577,1
15617,1
67532,1
16605,1
1876,1
43759,1
27294,1
18066,1
56619,1
56407,1
52784,1
32579,1
75528,1
14729,1
86883,1
64533,1
2403,1
10694,1
37112,1
35715,1
418,1
48432,1
30880,1
63142,1
37380,1
29341,1
45902,1
7149,1
86452,1
5763,1
67408,1
53365,1
97565,1
75621,1
83718,1
40190,1
4041,1
20289,1
60729,1
81118,1
58333,1
49031,1
84501,1
66122,1
26660,1
98669,1
41520,1
7794,1
66816,1
92179,1
68619,1
17598,1
84883,1
5915,1
13,1
3758,1
3420,1
34313,1
31610,1
54302,1
52547,1
13906,1
6876,1
81403,1
38024,1
67540,1
38233,1
30728,1
66792,1
7114,1
50144,1
70627,1
47679,1
36104,1
47121,1
53684,1
38372,1
75399,1
2237,1
90882,1
56935,1
15013,1
82553,1
8926,1
68065,1
23923,1
17973,1
14750,1
8324,1
4378,1
74869,1
86218,1
32696,1
27088,1
29419,1
3529,1
61843,1
79378,1
143,1
89367,1
60392,1
88766,1
47549,1
49618,1
89925,1
77915,1
67418,1
94616,1
52952,1
85119,1
65594,1
13723,1
13630,1
78109,1
24173,1
73523,1
59131,1
44230,1
39303,1
68013,1
47942,1
80166,1
94795,1
61160,1
45380,1
65285,1
84532,1
45564,1
90542,1
44581,1
4348,1
75298,1
73780,1
45858,1
57876,1
44784,1
78165,1
83975,1
80148,1
91340,1
66476,1
66035,1
41755,1
32094,1
85963,1
38746,1
71491,1
93969,1
41240,1
61321,1
72768,1
78819,1
34393,1
966,1
45723,1
6147,1
757,1
82431,1
16222,1
82446,1
10281,1
32998,1
76160,1
80625,1
73922,1
3810,1
95997,1
32298,1
45143,1
5550,1
20013,1
78461,1
62229,1
27044,1
96711,1
14908,1
94333,1
74216,1
68572,1
59929,1
47447,1
5991,1
25129,1
81038,1
90338,1
27627,1
21532,1
20760,1
85708,1
56949,1
92163,1
27695,1
11459,1
12277,1
40509,1
20566,1
52909,1
20204,1
44100,1
43404,1
31734,1
83004,1
54753,1
51583,1
66856,1
65994,1
54504,1
87167,1
60784,1
60205,1
8511,1
5947,1
50831,1
85102,1
81154,1
49601,1
45058,1
41813,1
6608,1
66208,1
49770,1
53225,1
29639,1
48142,1
38061,1
41897,1
26633,1
21595,1
53140,1
73742,1
22448,1
90848,1
48401,1
75553,1
16007,1
49028,1
21864,1
49687,1
21296,1
33146,1
79701,1
21086,1
28251,1
46300,1
80868,1
54933,1
62735,1
44488,1
16470,1
39300,1
80434,1
44623,1
65941,1
14501,1
31804,1
51991,1
37165,1
41784,1
93128,1
83019,1
58670,1
26894,1
46864,1
17351,1
45248,1
51998,1
36096,1
28431,1
14346,1
78299,1
74616,1
82748,1
9603,1
70265,1
72247,1
33242,1
26600,1
45915,1
34926,1
15714,1
16287,1
36965,1
79820,1
26058,1
50066,1
18193,1
1626,1
41947,1
81072,1
57407,1
80347,1
3427,1
25605,1
95148,1
40954,1
97363,1
15878,1
56373,1
93871,1
45648,1
77389,1
71486,1
25185,1
50406,1
12950,1
6605,1
22428,1
98760,1
27367,1
83737,1
50848,1
44960,1
15225,1
16057,1
6692,1
47293,1
34054,1
47888,1
4710,1
13203,1
9412,1
33305,1
87645,1
20795,1
34301,1
28753,1
90753,1
81079,1
37947,1
90280,1
26123,1
11516,1
84096,1
75146,1
53947,1
14927,1
30200,1
7842,1
42115,1
87898,1
36924,1
76743,1
22201,1
97127,1
85577,1
46535,1
83790,1
8393,1
39565,1
32717,1
52876,1
69840,1
91160,1
35607,1
45546,1
40808,1
45011,1
11214,1
63869,1
14560,1
27586,1
93075,1
63518,1
56951,1
33796,1
16066,1
40141,1
31562,1
89508,1
73964,1
1845,1
46778,1
79954,1
15638,1
5116,1
76394,1
72307,1
19967,1
18404,1
76053,1
50934,1
35241,1
80600,1
14524,1
25073,1
39007,1
26610,1
761,1
74813,1
33478,1
27067,1
24656,1
68874,1
74745,1
77142,1
75684,1
19850,1
51251,1
74578,1
94831,1
84979,1
44549,1
81383,1
4595,1
81711,1
90551,1
54999,1
36466,1
42015,1
81309,1
95674,1
89644,1
81328,1
65568,1
60922,1
86514,1
20593,1
25281,1
33789,1
81050,1
67401,1
31411,1
39092,1
61590,1
67344,1
75005,1
8257,1
71210,1
71064,1
28957,1
66176,1
71815,1
88785,1
71139,1
79028,1
8400,1
28761,1
9261,1
93641,1
79744,1
81243,1
49544,1
41375,1
73216,1
84945,1
69954,1
88401,1
78748,1
94140,1
33857,1
33356,1
9098,1
64241,1
39169,1
31720,1
82889,1
90119,1
90100,1
65874,1
60768,1
36076,1
15477,1
60766,1
87403,1
74701,1
38330,1
48795,1
40213,1
20495,1
14081,1
73466,1
79673,1
54413,1
51148,1
26295,1
91507,1
69676,1
80010,1
78971,1
65971,1
23721,1
13172,1
28042,1
73083,1
44907,1
41613,1
83069,1
51551,1
79210,1
87635,1
5541,1
78079,1
38007,1
76540,1
16684,1
57253,1
44144,1
36443,1
68820,1
47946,1
5048,1
33632,1
10036,1
26609,1
98584,1
9493,1
90314,1
487,1
89728,1
39146,1
39362,1
20225,1
33722,1
19537,1
78771,1
16995,1
1897,1
93426,1
29253,1
96240,1
34490,1
79105,1
70941,1
21416,1
34099,1
13208,1
74928,1
75572,1
46814,1
74138,1
88006,1
77158,1
82391,1
6180,1
8715,1
54287,1
96097,1
57062,1
8835,1
65433,1
58614,1
13238,1
95529,1
71353,1
59453,1
17243,1
37309,1
20324,1
7784,1
9363,1
86839,1
98896,1
93067,1
87048,1
59913,1
39060,1
1040,1
9843,1
41354,1
14095,1
6057,1
80730,1
81209,1
27042,1
78463,1
34821,1
60732,1
19305,1
34264,1
66112,1
43982,1
79305,1
21173,1
78042,1
4237,1
29315,1
93262,1
33798,1
45857,1
87842,1
67552,1
14593,1
72915,1
52440,1
40186,1
34597,1
75903,1
39219,1
62928,1
15519,1
83258,1
56213,1
6537,1
14459,1
84232,1
6533,1
92761,1
81849,1
11951,1
80128,1
70856,1
73492,1
63592,1
6595,1
29479,1
13722,1
93639,1
53799,1
53930,1
81230,1
22228,1
71011,1
51120,1
50195,1
10530,1
92081,1
64156,1
74604,1
3247,1
44818,1
46410,1
5666,1
73132,1
24225,1
13758,1
49900,1
10781,1
22432,1
1743,1
55336,1
91734,1
16035,1
56570,1
49983,1
74351,1
34704,1
54533,1
93140,1
51285,1
56681,1
88063,1
71282,1
87882,1
33047,1
72954,1
77180,1
79633,1
46441,1
76453,1
55965,1
27154,1
29675,1
17109,1
15235,1
54411,1
79249,1
6066,1
77413,1
4568,1
19062,1
38866,1
5814,1
14646,1
19294,1
42555,1
43536,1
51506,1
44199,1
19711,1
92861,1
4658,1
16825,1
70024,1
19641,1
65820,1
76177,1
7976,1
63591,1
334,1
66748,1
11950,1
56281,1
36339,1
18803,1
31273,1
967,1
571,1
24547,1
48925,1
15828,1
23021,1
64496,1
55948,1
33266,1
33264,1
24720,1
78866,1
1525,1
82354,1
5183,1
19209,1
89723,1
25198,1
64232,1
96876,1
6566,1
55254,1
29066,1
65194,1
98890,1
47140,1
44843,1
34589,1
915,1
23498,1
30444,1
79130,1
63083,1
22926,1
80966,1
29774,1
53090,1
63822,1
89046,1
72983,1
35502,1
3228,1
75938,1
73014,1
93237,1
79203,1
28504,1
28012,1
60832,1
783,1
64171,1
90470,1
89503,1
7172,1
63530,1
79568,1
11142,1
69658,1
94721,1
4884,1
70,1
44116,1
31336,1
73145,1
19737,1
38841,1
18719,1
84551,1
80702,1
76834,1
98846,1
12142,1
13905,1
75504,1
46450,1
49661,1
86335,1
18958,1
76745,1
78114,1
27870,1
77941,1
88416,1
87112,1
56254,1
71244,1
43714,1
2109,1
38596,1
28806,1
51510,1
36679,1
14799,1
58981,1
11472,1
36251,1
18020,1
29233,1
22094,1
9147,1
33970,1
22321,1
19535,1
60971,1
70238,1
96414,1
58418,1
37400,1
46767,1
32557,1
76139,1
78831,1
7092,1
78002,1
23788,1
42527,1
90084,1
73269,1
31615,1
36178,1
1231,1
11896,1
54557,1
94467,1
42959,1
64111,1
93945,1
3768,1
87518,1
722,1
78235,1
93416,1
8015,1
26191,1
50663,1
82521,1
38814,1
52532,1
18464,1
95290,1
52899,1
73715,1
42045,1
4241,1
43779,1
71972,1
85585,1
98507,1
25410,1
59495,1
88806,1
59649,1
38321,1
55570,1
21713,1
67209,1
46458,1
51617,1
10528,1
60788,1
66105,1
72980,1
53758,1
58707,1
74370,1
73641,1
52835,1
49963,1
75357,1
17240,1
27291,1
89876,1
93826,1
92200,1
76407,1
35059,1
77345,1
35335,1
46185,1
39549,1
39264,1
48560,1
24237,1
92526,1
10888,1
54895,1
37352,1
93372,1
46034,1
24729,1
96739,1
58520,1
43388,1
69427,1
19177,1
38137,1
80152,1
6209,1
69117,1
48787,1
39978,1
1256,1
69453,1
84569,1
11400,1
53955,1
69356,1
94763,1
32244,1
79660,1
81852,1
8776,1
2896,1
49795,1
42585,1
65405,1
9801,1
11851,1
86016,1
44401,1
53544,1
64662,1
31256,1
69557,1
42923,1
96263,1
62625,1
33622,1
17671,1
21799,1
93884,1
55560,1
78146,1
28671,1
90844,1
56688,1
50913,1
96191,1
13589,1
85908,1
27581,1
86616,1
49633,1
23405,1
45211,1
19112,1
75151,1
6662,1
45178,1
3903,1
1482,1
87465,1
20564,1
37405,1
56104,1
48666,1
96423,1
93322,1
64721,1
85718,1
16189,1
1979,1
67978,1
59377,1
94772,1
60693,1
46755,1
72604,1
75017,1
54262,1
28841,1
80968,1
24655,1
21393,1
39430,1
81105,1
96675,1
87479,1
10449,1
32149,1
34477,1
44219,1
40313,1
87522,1
53215,1
42809,1
97277,1
16943,1
2843,1
56089,1
33122,1
19667,1
5922,1
89801,1
8328,1
52278,1
86713,1
23030,1
86284,1
1720,1
12704,1
88916,1
42939,1
13527,1
92668,1
37238,1
70847,1
64300,1
93786,1
62870,1
93915,1
31302,1
4053,1
54871,1
29269,1
35927,1
91801,1
30877,1
62271,1
27356,1
61844,1
11009,1
86629,1
15246,1
30958,1
93766,1
43201,1
58396,1
17904,1
19416,1
53195,1
80985,1
98294,1
44463,1
17057,1
15909,1
46632,1
50194,1
30109,1
73128,1
37989,1
56550,1
37599,1
89627,1
13903,1
97946,1
11923,1
25063,1
89120,1
50218,1
72427,1
96825,1
79693,1
27420,1
24070,1
55552,1
37944,1
19947,1
71215,1
57631,1
65124,1
65167,1
38228,1
82955,1
4182,1
17229,1
93525,1
55956,1
3199,1
30463,1
55453,1
97085,1
78939,1
52045,1
81916,1
71905,1
49165,1
84626,1
11593,1
78537,1
48707,1
94549,1
1496,1
59411,1
3374,1
96031,1
38175,1
82850,1
61665,1
67341,1
39609,1
553,1
19664,1
71900,1
85290,1
44053,1
4679,1
45561,1
13697,1
22564,1
96955,1
66922,1
5818,1
82329,1
51362,1
52134,1
35563,1
8650,1
44248,1
48412,1
66732,1
5995,1
21082,1
9880,1
53417,1
47210,1
12293,1
75951,1
40077,1
88886,1
1435,1
58434,1
97985,1
50668,1
53565,1
33345,1
24446,1
61252,1
74229,1
56497,1
48218,1
55928,1
61348,1
48809,1
96568,1
58588,1
68463,1
75574,1
81191,1
6100,1
68923,1
58353,1
73816,1
75126,1
22144,1
56666,1
54251,1
37454,1
8861,1
34671,1
22903,1
94077,1
53988,1
55992,1
48447,1
64557,1
67758,1
55581,1
48293,1
18177,1
1031,1
43239,1
33558,1
98471,1
27196,1
48130,1
42391,1
60545,1
77997,1
3405,1
66649,1
93023,1
33229,1
6630,1
12786,1
24127,1
71503,1
68422,1
75931,1
89055,1
85850,1
90158,1
71921,1
5911,1
18743,1
54195,1
96393,1
35566,1
26112,1
42605,1
80769,1
80455,1
39327,1
84108,1
50742,1
63778,1
88293,1
93389,1
34270,1
58461,1
50730,1
26664,1
73886,1
22821,1
8344,1
95295,1
70929,1
48313,1
98515,1
8885,1
10858,1
64535,1
32030,1
47991,1
90178,1
60537,1
52190,1
54977,1
30431,1
82333,1
92648,1
17492,1
90865,1
74423,1
7712,1
61704,1
29478,1
30864,1
92679,1
58762,1
3628,1
28342,1
52479,1
62329,1
57951,1
11053,1
68225,1
39078,1
68666,1
4024,1
56912,1
34303,1
96383,1
22528,1
9542,1
89942,1
71163,1
16530,1
66459,1
7647,1
34874,1
57537,1
27376,1
19835,1
55627,1
51388,1
61969,1
5197,1
86517,1
38574,1
84517,1
73864,1
22420,1
40144,1
56791,1
87450,1
29796,1
51490,1
97500,1
72184,1
44720,1
51499,1
66548,1
82349,1
42127,1
94619,1
1153,1
35218,1
40444,1
47778,1
50871,1
27973,1
26016,1
46512,1
88700,1
74739,1
63585,1
81398,1
2317,1
43001,1
65156,1
32922,1
35994,1
23001,1
38605,1
62527,1
64676,1
67732,1
76324,1
98767,1
83249,1
13359,1
96873,1
6273,1
5718,1
70176,1
6077,1
88093,1
13227,1
40774,1
88284,1
15491,1
15461,1
80996,1
15301,1
95858,1
30632,1
60990,1
55531,1
75537,1
51702,1
55944,1
16958,1
80083,1
52023,1
4542,1
25289,1
12036,1
5031,1
35388,1
56865,1
68531,1
37314,1
2054,1
55087,1
26538,1
75854,1
26774,1
59286,1
53136,1
53548,1
30001,1
95840,1
84803,1
76068,1
98821,1
72135,1
61446,1
61262,1
24609,1
59707,1
1086,1
93790,1
36984,1
10529,1
35475,1
53640,1
96577,1
53717,1
32206,1
96767,1
50141,1
19525,1
71742,1
84176,1
48570,1
65890,1
60523,1
87576,1
10103,1
77772,1
24994,1
85766,1
60804,1
96369,1
30280,1
64589,1
49084,1
31831,1
89538,1
48366,1
83931,1
22548,1
25100,1
32428,1
95224,1
54368,1
47204,1
55863,1
65381,1
67744,1
15261,1
47222,1
17460,1
91815,1
60719,1
83978,1
92865,1
96433,1
7401,1
68093,1
50748,1
21240,1
1736,1
75920,1
85663,1
85572,1
79018,1
65700,1
57004,1
55487,1
65297,1
49626,1
60845,1
60486,1
93777,1
24280,1
15581,1
22401,1
44369,1
93702,1
81861,1
43764,1
19176,1
38552,1
51876,1
84263,1
70161,1
76869,1
76882,1
11999,1
5065,1
42943,1
25217,1
31957,1
1035,1
54522,1
81259,1
88066,1
42736,1
3014,1
38821,1
82830,1
83453,1
84228,1
3209,1
11179,1
87458,1
66156,1
74004,1
72118,1
74397,1
62286,1
59583,1
23802,1
88711,1
4363,1
88780,1
95774,1
73727,1
63522,1
45270,1
49854,1
85675,1
44780,1
22748,1
51219,1
97312,1
25767,1
73632,1
71452,1
87060,1
58330,1
36696,1
54655,1
38417,1
96751,1
24647,1
11199,1
88503,1
13517,1
28034,1
2604,1
74565,1
89220,1
66697,1
61649,1
90234,1
86395,1
34818,1
20869,1
48339,1
95991,1
52390,1
77734,1
52593,1
43470,1
68515,1
68680,1
22138,1
44982,1
98790,1
75020,1
77600,1
69877,1
16798,1
62962,1
96906,1
10413,1
6009,1
69415,1
66920,1
97887,1
61894,1
31375,1
89069,1
34738,1
19128,1
62041,1
11703,1
56707,1
81288,1
29219,1
98828,1
32260,1
52585,1
52376,1
10302,1
44344,1
88706,1
67166,1
19694,1
63090,1
51673,1
26762,1
97302,1
75961,1
24888,1
64556,1
85795,1
95178,1
46625,1
3951,1
53992,1
41705,1
91174,1
94232,1
57317,1
62794,1
35981,1
19031,1
33886,1
34061,1
49995,1
34097,1
75990,1
45472,1
63893,1
8049,1
48569,1
14134,1
57363,1
44031,1
81812,1
63252,1
59029,1
81765,1
15879,1
75097,1
52901,1
90049,1
76530,1
95461,1
92629,1
6991,1
71265,1
31239,1
67577,1
37476,1
40559,1
36738,1
42984,1
63233,1
47591,1
35532,1
79153,1
31432,1
5324,1
5647,1
18822,1
22175,1
40433,1
46941,1
67574,1
18442,1
37226,1
69607,1
58020,1
3990,1
93574,1
79998,1
29093,1
70436,1
51325,1
81787,1
37178,1
58115,1
66731,1
54590,1
35034,1
56897,1
5053,1
25246,1
54672,1
15159,1
48046,1
31951,1
66933,1
28689,1
26408,1
42624,1
57463,1
18478,1
30700,1
32498,1
83651,1
37999,1
88482,1
47229,1
4583,1
21657,1
14164,1
86665,1
36308,1
33981,1
26588,1
51095,1
69366,1
40500,1
29511,1
4371,1
71068,1
56346,1
8245,1
98414,1
56594,1
78865,1
23438,1
16912,1
20924,1
15748,1
39849,1
50196,1
95347,1
52766,1
6471,1
1933,1
31094,1
13423,1
6488,1
15901,1
38107,1
92134,1
51558,1
70241,1
91356,1
78784,1
29305,1
1547,1
9772,1
55017,1
70605,1
3171,1
3581,1
476,1
71238,1
75608,1
30858,1
28427,1
43398,1
41066,1
6999,1
81331,1
83983,1
13775,1
54651,1
69929,1
22380,1
30583,1
16283,1
12301,1
60886,1
56483,1
60840,1
19768,1
17228,1
18782,1
46364,1
4910,1
71283,1
63257,1
35342,1
54394,1
75643,1
94950,1
70529,1
28852,1
12999,1
89870,1
39930,1
73606,1
71441,1
24691,1
13005,1
43146,1
20974,1
16338,1
71783,1
53616,1
75640,1
2694,1
75502,1
84950,1
42680,1
98742,1
85211,1
44824,1
77185,1
51536,1
85010,1
36423,1
32960,1
59066,1
9764,1
13165,1
14214,1
63203,1
36262,1
17049,1
11708,1
58700,1
13979,1
9720,1
26598,1
60748,1
43612,1
77548,1
96443,1
60829,1
57137,1
67137,1
74669,1
70954,1
48347,1
72325,1
33699,1
45666,1
37205,1
72895,1
67967,1
16715,1
81896,1
23587,1
84294,1
8911,1
58045,1
1702,1
47305,1
96730,1
79116,1
29813,1
77917,1
23651,1
69190,1
16976,1
44809,1
56321,1
5764,1
9268,1
88106,1
28831,1
92738,1
41818,1
26442,1
38371,1
51241,1
22709,1
33935,1
59215,1
907,1
80733,1
25439,1
17651,1
11455,1
38345,1
77318,1
47327,1
89429,1
20547,1
25589,1
24218,1
54667,1
23081,1
67682,1
39214,1
96949,1
15060,1
53071,1
7689,1
62471,1
42665,1
7396,1
43730,1
34763,1
13935,1
30179,1
5708,1
75004,1
87136,1
47646,1
22912,1
82155,1
24685,1
18440,1
91216,1
39121,1
53483,1
19950,1
50262,1
2280,1
21190,1
42558,1
60624,1
31556,1
43489,1
88179,1
58687,1
29155,1
43828,1
53570,1
16399,1
88117,1
50688,1
67189,1
90920,1
54587,1
338,1
82158,1
31531,1
93676,1
21146,1
802,1
32341,1
76858,1
72422,1
9038,1
92730,1
33355,1
41088,1
50047,1
80187,1
65531,1
70579,1
67293,1
89054,1
44058,1
54147,1
86476,1
24327,1
75726,1
96567,1
60172,1
17058,1
52836,1
36211,1
15177,1
17037,1
48514,1
14053,1
1847,1
79793,1
85014,1
84431,1
66556,1
3803,1
84456,1
61505,1
2465,1
33927,1
22521,1
82139,1
87094,1
24709,1
35144,1
12088,1
10272,1
52513,1
9042,1
85707,1
76700,1
75413,1
73432,1
22001,1
3643,1
82106,1
96696,1
14514,1
78722,1
74186,1
9368,1
95717,1
74527,1
30651,1
77673,1
85079,1
68363,1
55290,1
37324,1
33106,1
67405,1
75195,1
10618,1
94164,1
50511,1
64621,1
55663,1
5863,1
73194,1
96886,1
17977,1
68704,1
89136,1
12826,1
3771,1
36578,1
44504,1
78665,1
50978,1
94653,1
31490,1
1766,1
9380,1
38164,1
89319,1
81923,1
14144,1
47477,1
13373,1
19793,1
71195,1
68909,1
26644,1
8589,1
12756,1
9423,1
14411,1
20541,1
86927,1
22430,1
75079,1
72236,1
24131,1
49190,1
21650,1
53372,1
72951,1
2817,1
82628,1
72488,1
65925,1
11985,1
32164,1
76752,1
70059,1
58275,1
93831,1
42645,1
5526,1
62589,1
32885,1
47737,1
96562,1
86239,1
85489,1
83608,1
19919,1
66585,1
3806,1
76732,1
39764,1
42501,1
94669,1
85064,1
21474,1
26905,1
65134,1
46939,1
83487,1
15040,1
38529,1
8409,1
42353,1
32814,1
96471,1
91455,1
80003,1
47371,1
59845,1
39015,1
73308,1
78398,1
52496,1
38739,1
66307,1
93501,1
28312,1
97697,1
47723,1
75797,1
63496,1
96975,1
8543,1
9552,1
30873,1
36652,1
19855,1
61107,1
5341,1
8438,1
21988,1
59680,1
92979,1
44601,1
5905,1
27368,1
54463,1
65882,1
29138,1
6114,1
37052,1
39774,1
45852,1
19603,1
7769,1
89163,1
5362,1
39139,1
63056,1
45609,1
22803,1
8672,1
44277,1
24112,1
54221,1
36948,1
54661,1
4349,1
47682,1
21209,1
37636,1
30302,1
51650,1
36442,1
71405,1
91012,1
48167,1
66379,1
62703,1
47383,1
16886,1
70324,1
95843,1
5593,1
92615,1
80698,1
17812,1
22150,1
94726,1
3640,1
81171,1
81919,1
87162,1
25444,1
92924,1
5289,1
47965,1
67355,1
12570,1
61059,1
27607,1
58950,1
64292,1
47043,1
69362,1
93190,1
67702,1
23624,1
23993,1
11036,1
41997,1
13880,1
84466,1
30367,1
30829,1
48741,1
20259,1
63969,1
7526,1
23435,1
62386,1
8352,1
98144,1
65886,1
68969,1
64638,1
80951,1
83151,1
74975,1
24172,1
4466,1
584,1
85206,1
4416,1
16407,1
18540,1
40867,1
57774,1
32689,1
1566,1
74786,1
67066,1
42957,1
26266,1
46690,1
88071,1
72250,1
31656,1
83581,1
74288,1
26807,1
76200,1
8171,1
1619,1
52815,1
5500,1
39374,1
64940,1
69503,1
21482,1
48919,1
66681,1
69455,1
37415,1
12868,1
19308,1
27126,1
72937,1
84585,1
64489,1
22176,1
56669,1
67554,1
67742,1
67851,1
10367,1
53592,1
21179,1
62673,1
29447,1
74021,1
54722,1
86214,1
77626,1
64809,1
71687,1
92675,1
81166,1
66224,1
68834,1
98641,1
21709,1
63250,1
2585,1
77608,1
19599,1
87756,1
29858,1
2841,1
20833,1
41582,1
95443,1
47319,1
68563,1
98676,1
54299,1
62022,1
79769,1
79835,1
67154,1
73149,1
2746,1
81189,1
92870,1
95700,1
40928,1
95957,1
45405,1
25600,1
41845,1
17005,1
13086,1
21663,1
11233,1
83879,1
45305,1
2043,1
74636,1
77680,1
58171,1
20345,1
50766,1
57446,1
15707,1
124,1
10415,1
47980,1
10017,1
33166,1
38694,1
67312,1
51965,1
59988,1
57871,1
42701,1
95944,1
31619,1
4550,1
44756,1
62966,1
60681,1
24927,1
43861,1
48796,1
83560,1
60358,1
23265,1
78150,1
80295,1
48711,1
26516,1
31033,1
36799,1
11732,1
78354,1
91751,1
34429,1
25892,1
98734,1
73976,1
55955,1
66708,1
61237,1
35381,1
70675,1
58883,1
91091,1
18635,1
70956,1
47828,1
50307,1
22113,1
21774,1
34686,1
81030,1
83177,1
32313,1
31956,1
45293,1
19464,1
23170,1
58444,1
33948,1
40730,1
2873,1
76029,1
41076,1
68831,1
66824,1
66918,1
24394,1
11638,1
21009,1
72089,1
39263,1
16997,1
81857,1
46258,1
44983,1
30733,1
43275,1
80431,1
61042,1
28911,1
51687,1
81767,1
29579,1
3455,1
75710,1
8866,1
88620,1
12167,1
17646,1
83306,1
7858,1
94482,1
22729,1
73910,1
60165,1
55004,1
40627,1
97225,1
30679,1
45020,1
28591,1
14926,1
853,1
33907,1
86287,1
57535,1
29908,1
28927,1
12079,1
15146,1
52085,1
51144,1
80808,1
16013,1
56582,1
37085,1
72939,1
24352,1
85641,1
22694,1
56832,1
17396,1
21749,1
13785,1
98850,1
23682,1
83371,1
24303,1
60314,1
43130,1
67523,1
2134,1
7808,1
24541,1
96678,1
95202,1
34724,1
26406,1
74080,1
52286,1
59526,1
4184,1
63117,1
52925,1
68520,1
84575,1
37278,1
67255,1
25889,1
21522,1
87818,1
6438,1
58411,1
73421,1
72609,1
33908,1
2513,1
89558,1
72201,1
1975,1
79284,1
69769,1
70785,1
22501,1
49105,1
25639,1
19925,1
63989,1
39680,1
67218,1
79146,1
89911,1
26152,1
6708,1
59734,1
10803,1
25494,1
77368,1
19901,1
94195,1
36906,1
53277,1
81455,1
65658,1
47263,1
37971,1
45476,1
96005,1
7027,1
7846,1
83330,1
95030,1
26426,1
52524,1
70516,1
53546,1
88292,1
4777,1
17724,1
44615,1
77365,1
87423,1
68345,1
8638,1
6730,1
1109,1
75034,1
16176,1
37275,1
32570,1
98302,1
56370,1
70707,1
22032,1
87597,1
52455,1
92074,1
16808,1
39976,1
84367,1
13837,1
26096,1
19521,1
84633,1
54079,1
29731,1
10099,1
77242,1
23301,1
69106,1
34969,1
78507,1
45459,1
69475,1
68469,1
40569,1
23636,1
96241,1
61125,1
98491,1
72242,1
9663,1
1445,1
16511,1
89165,1
84085,1
64230,1
508,1
67515,1
43073,1
79336,1
51502,1
57782,1
31618,1
30181,1
95616,1
6965,1
13851,1
75599,1
77733,1
60986,1
21420,1
68102,1
50598,1
20800,1
29946,1
69086,1
13937,1
66702,1
55574,1
6062,1
9020,1
13009,1
17605,1
33565,1
33200,1
22675,1
32707,1
85885,1
84980,1
90067,1
96251,1
60420,1
66599,1
77269,1
59764,1
63818,1
14512,1
65298,1
37247,1
7729,1
33897,1
97554,1
96173,1
89056,1
3900,1
14628,1
21816,1
41268,1
67321,1
60991,1
51601,1
30907,1
58273,1
50589,1
21938,1
36398,1
32247,1
42870,1
3723,1
38479,1
43848,1
82498,1
38259,1
53243,1
65483,1
62721,1
44734,1
26950,1
50575,1
92696,1
79252,1
69006,1
36857,1
43983,1
79713,1
73282,1
64361,1
6238,1
89785,1
68264,1
78760,1
7281,1
50330,1
43108,1
42739,1
82917,1
7563,1
10410,1
51370,1
72850,1
96538,1
540,1
28976,1
98895,1
50128,1
74054,1
49134,1
94145,1
73008,1
597,1
91062,1
9693,1
11749,1
76772,1
41098,1
57365,1
34360,1
8948,1
17001,1
89272,1
40008,1
48599,1
6383,1
18223,1
56853,1
78761,1
25084,1
40173,1
14101,1
1517,1
3460,1
63574,1
38499,1
8160,1
3516,1
33648,1
93836,1
43914,1
95089,1
95753,1
89760,1
63873,1
29655,1
31095,1
92482,1
8693,1
11966,1
69955,1
14392,1
31687,1
70361,1
35687,1
35085,1
71626,1
85117,1
38625,1
98922,1
42800,1
26786,1
70394,1
6698,1
7692,1
7589,1
63849,1
48523,1
67619,1
26273,1
58395,1
1,1
97151,1
25692,1
41320,1
90129,1
44422,1
79423,1
26552,1
68861,1
29925,1
98549,1
29047,1
64027,1
25753,1
24925,1
69957,1
6990,1
87133,1
4883,1
82756,1
38257,1
82332,1
11864,1
58626,1
70554,1
70505,1
47872,1
54720,1
76674,1
20253,1
10182,1
21629,1
93063,1
48327,1
55083,1
95908,1
66970,1
32931,1
2310,1
37827,1
47614,1
28063,1
89191,1
62705,1
79424,1
42502,1
29657,1
19388,1
62907,1
32604,1
3489,1
28472,1
78431,1
34877,1
40568,1
86729,1
5185,1
94792,1
60762,1
44736,1
34621,1
58405,1
1999,1
46925,1
73694,1
5910,1
66627,1
4238,1
44950,1
10286,1
29434,1
60271,1
58114,1
76629,1
66858,1
70408,1
25751,1
37360,1
7536,1
68342,1
33109,1
8476,1
96350,1
44596,1
4449,1
38537,1
97680,1
62889,1
552,1
19778,1
6287,1
61554,1
35168,1
67164,1
46100,1
15599,1
90498,1
90964,1
13213,1
26719,1
53150,1
96834,1
88519,1
22044,1
74625,1
84498,1
39528,1
52142,1
4206,1
63440,1
41317,1
53556,1
30374,1
46955,1
58738,1
25479,1
70166,1
98365,1
69328,1
17535,1
92230,1
52989,1
36932,1
86252,1
38331,1
23375,1
28085,1
44325,1
20386,1
97593,1
17463,1
71773,1
97012,1
71291,1
12315,1
46268,1
74455,1
56224,1
61616,1
75056,1
54077,1
42211,1
47782,1
56766,1
56600,1
21888,1
59475,1
4724,1
90409,1
1656,1
94542,1
31689,1
92078,1
57383,1
45042,1
38215,1
54819,1
27859,1
28322,1
33082,1
81434,1
94294,1
2650,1
90833,1
79545,1
96574,1
55508,1
22840,1
48482,1
72117,1
50990,1
51023,1
6582,1
70389,1
69087,1
25043,1
15716,1
52,1
24028,1
85041,1
34729,1
52115,1
93675,1
71893,1
67928,1
26971,1
21716,1
73485,1
90430,1
59369,1
11545,1
56230,1
42767,1
66580,1
41736,1
71103,1
87339,1
40308,1
87160,1
61116,1
76525,1
4434,1
765,1
65036,1
77397,1
9872,1
71407,1
92061,1
35793,1
48579,1
92543,1
63277,1
34246,1
97850,1
26099,1
87276,1
43274,1
36540,1
28044,1
60201,1
82906,1
3052,1
74730,1
31701,1
81369,1
40437,1
16875,1
59355,1
8347,1
2299,1
77978,1
24886,1
19025,1
4675,1
58688,1
93943,1
74772,1
26814,1
33132,1
74819,1
78544,1
39410,1
80392,1
51859,1
67960,1
85986,1
70497,1
40302,1
62243,1
87122,1
2662,1
93818,1
67831,1
79584,1
69282,1
7053,1
1886,1
44312,1
93258,1
77718,1
13832,1
18778,1
78406,1
83701,1
96916,1
21570,1
57917,1
6130,1
79838,1
90161,1
55418,1
10035,1
14517,1
20853,1
13247,1
5027,1
22418,1
18136,1
84050,1
84570,1
13154,1
32609,1
53774,1
11579,1
26818,1
16865,1
68618,1
62373,1
82764,1
13560,1
54460,1
38542,1
43030,1
60635,1
46142,1
78038,1
63242,1
58160,1
61829,1
77668,1
72084,1
57185,1
23099,1
63725,1
7196,1
84892,1
53395,1
11496,1
90611,1
15328,1
63431,1
15495,1
34373,1
51487,1
51970,1
67348,1
53728,1
80246,1
11217,1
55806,1
3305,1
14608,1
59088,1
57169,1
76295,1
70491,1
53698,1
68008,1
3176,1
39619,1
53502,1
26954,1
62934,1
27626,1
74506,1
718,1
61022,1
28542,1
2994,1
43278,1
5098,1
1546,1
3776,1
97843,1
46190,1
38632,1
34688,1
69084,1
16745,1
8079,1
73744,1
21780,1
63324,1
34310,1
29733,1
62487,1
91800,1
44489,1
8069,1
1951,1
82165,1
47528,1
46830,1
71924,1
91873,1
9893,1
39730,1
20211,1
11859,1
65609,1
56841,1
4280,1
74927,1
72139,1
53247,1
78279,1
13899,1
8394,1
56646,1
34900,1
67852,1
41684,1
3425,1
23401,1
68582,1
73628,1
95897,1
94096,1
74741,1
8817,1
62125,1
91078,1
25566,1
59785,1
59486,1
81010,1
65537,1
86671,1
40630,1
50715,1
84991,1
89282,1
83132,1
24150,1
80842,1
3877,1
19427,1
9513,1
45004,1
65228,1
49635,1
2207,1
15700,1
30183,1
4685,1
18573,1
38886,1
56674,1
84160,1
2710,1
53829,1
84308,1
9148,1
73871,1
78567,1
75768,1
62419,1
38639,1
95915,1
63137,1
55972,1
69697,1
54171,1
58112,1
63301,1
58848,1
87926,1
25569,1
90932,1
66857,1
21487,1
82981,1
26562,1
92774,1
19856,1
63937,1
28329,1
4258,1
69429,1
11335,1
55946,1
52382,1
48581,1
62999,1
60759,1
27162,1
95177,1
21939,1
84403,1
67964,1
47313,1
91542,1
83692,1
19654,1
62860,1
24003,1
66703,1
79148,1
3554,1
19569,1
16117,1
87673,1
80366,1
94407,1
17270,1
89288,1
7606,1
19178,1
442,1
94880,1
82225,1
14888,1
62558,1
19913,1
24508,1
87034,1
58399,1
47809,1
17313,1
494,1
54755,1
51883,1
12858,1
8458,1
80514,1
35942,1
37981,1
65639,1
98326,1
82682,1
76163,1
66383,1
43264,1
8565,1
96749,1
38037,1
89400,1
85157,1
68806,1
66355,1
86158,1
33812,1
73679,1
33975,1
47896,1
97621,1
30527,1
94419,1
28596,1
51781,1
43803,1
45782,1
66135,1
71316,1
45414,1
1431,1
46501,1
10106,1
25798,1
2613,1
49859,1
88383,1
8424,1
56867,1
62901,1
37610,1
40917,1
34670,1
34523,1
20860,1
24779,1
62038,1
88110,1
72144,1
21912,1
35022,1
79967,1
69559,1
59414,1
91585,1
61783,1
80342,1
19357,1
93545,1
32488,1
80529,1
66975,1
25545,1
22168,1
3598,1
71481,1
77255,1
72174,1
97511,1
2346,1
2731,1
71581,1
88924,1
20842,1
33139,1
69506,1
88262,1
6390,1
5274,1
32231,1
31616,1
37331,1
80504,1
72136,1
8542,1
59447,1
92495,1
38120,1
10113,1
91543,1
64250,1
54215,1
38136,1
39569,1
34235,1
70349,1
78853,1
23037,1
96339,1
73844,1
27464,1
63660,1
6536,1
19138,1
63867,1
81898,1
98159,1
63047,1
64977,1
33555,1
48071,1
45237,1
16686,1
84261,1
4978,1
5212,1
33359,1
80895,1
58361,1
6361,1
381,1
79799,1
77806,1
14587,1
4653,1
52265,1
7206,1
53343,1
29252,1
23861,1
91580,1
15088,1
45732,1
55152,1
18597,1
40588,1
35114,1
63081,1
73115,1
42448,1
28202,1
54404,1
54061,1
38583,1
47978,1
25755,1
9222,1
69505,1
55542,1
82363,1
50414,1
36557,1
65438,1
1908,1
75287,1
90822,1
96150,1
89791,1
82238,1
9296,1
68891,1
87059,1
96108,1
2867,1
49536,1
37667,1
54828,1
74907,1
22091,1
7103,1
63664,1
95794,1
33574,1
10810,1
88508,1
49188,1
15664,1
25076,1
39841,1
62623,1
70364,1
2934,1
97893,1
36064,1
2702,1
48481,1
97371,1
14235,1
57380,1
95098,1
23510,1
23464,1
25473,1
97164,1
77186,1
79477,1
15371,1
24442,1
66189,1
9492,1
84986,1
25292,1
46982,1
52098,1
17822,1
56498,1
43453,1
1364,1
72964,1
94420,1
27937,1
30575,1
43109,1
6284,1
68942,1
80264,1
91927,1
5984,1
13052,1
10475,1
39588,1
82243,1
15066,1
17127,1
18224,1
80679,1
53391,1
88623,1
76986,1
47104,1
48191,1
79914,1
12924,1
35182,1
40864,1
68903,1
79718,1
13370,1
59330,1
27346,1
23331,1
34865,1
67555,1
70262,1
69299,1
153,1
27483,1
27596,1
94360,1
58542,1
63614,1
19940,1
43532,1
55576,1
75144,1
60266,1
26702,1
51228,1
85751,1
96093,1
45426,1
91129,1
28115,1
8232,1
87512,1
38174,1
7436,1
61284,1
71832,1
23976,1
46936,1
25709,1
47900,1
17660,1
41887,1
20615,1
554,1
8773,1
16631,1
55042,1
78223,1
94908,1
97931,1
59273,1
54050,1
53724,1
25092,1
19989,1
28967,1
18715,1
56928,1
19114,1
76096,1
46551,1
59022,1
15415,1
37316,1
39035,1
20388,1
57939,1
51961,1
76701,1
61815,1
77833,1
77453,1
36718,1
26606,1
33877,1
43852,1
64528,1
58197,1
48520,1
14509,1
82065,1
92034,1
97816,1
41214,1
71763,1
32608,1
26575,1
92002,1
73164,1
32591,1
63627,1
39354,1
28923,1
90869,1
7457,1
85464,1
34785,1
29073,1
72157,1
10417,1
25171,1
27766,1
93941,1
45014,1
37367,1
45866,1
40544,1
51224,1
36793,1
6178,1
77807,1
66535,1
35435,1
42495,1
41441,1
39724,1
87190,1
95418,1
76929,1
85546,1
8181,1
56409,1
2077,1
57794,1
28436,1
77153,1
67294,1
17128,1
80828,1
87735,1
11547,1
1228,1
83505,1
69138,1
41942,1
88182,1
1884,1
97260,1
97365,1
7143,1
67179,1
15290,1
64134,1
54000,1
40762,1
52727,1
14180,1
20448,1
19556,1
65629,1
96799,1
86675,1
59750,1
94539,1
96036,1
83994,1
36382,1
86536,1
14207,1
13141,1
37043,1
84114,1
92632,1
14891,1
66969,1
41400,1
63622,1
69259,1
73296,1
69418,1
64774,1
4297,1
31871,1
13089,1
36975,1
84035,1
90476,1
95940,1
83944,1
11127,1
39860,1
4713,1
29448,1
61308,1
39943,1
54861,1
74523,1
55995,1
47807,1
35668,1
662,1
69718,1
84341,1
33335,1
7478,1
71515,1
53325,1
39886,1
3848,1
84252,1
44380,1
71369,1
53620,1
40824,1
26962,1
64417,1
31819,1
57752,1
68693,1
76895,1
51485,1
65352,1
62208,1
59615,1
36898,1
55177,1
15294,1
95199,1
796,1
9010,1
98541,1
2069,1
34917,1
96237,1
98388,1
17753,1
15034,1
76469,1
66650,1
57031,1
10131,1
70333,1
38531,1
97372,1
62356,1
41877,1
93882,1
32650,1
86958,1
87123,1
60925,1
45703,1
59786,1
52543,1
86423,1
67478,1
13042,1
76850,1
84130,1
23542,1
3369,1
52545,1
90703,1
69363,1
61200,1
89607,1
57571,1
52945,1
59043,1
12720,1
27460,1
56546,1
89934,1
13926,1
61838,1
23726,1
80554,1
85662,1
30717,1
55229,1
30063,1
89814,1
73151,1
85991,1
71307,1
32519,1
59171,1
2105,1
13025,1
49816,1
16517,1
71294,1
65835,1
63088,1
83865,1
37037,1
97211,1
71898,1
62689,1
43975,1
68536,1
33617,1
28830,1
17007,1
85878,1
63599,1
79543,1
9721,1
72590,1
16228,1
17989,1
13992,1
65861,1
15027,1
57331,1
95292,1
67871,1
15782,1
74401,1
58801,1
33103,1
78014,1
41689,1
20396,1
77635,1
38254,1
39087,1
16744,1
84002,1
85373,1
21451,1
47567,1
72861,1
89898,1
74690,1
4688,1
45167,1
88481,1
36493,1
46703,1
25807,1
14586,1
3482,1
31093,1
48751,1
24993,1
7531,1
9486,1
31989,1
51516,1
8821,1
8713,1
5551,1
35423,1
51905,1
66399,1
97833,1
40628,1
32368,1
40855,1
69775,1
19790,1
26180,1
72112,1
78316,1
32860,1
85463,1
29667,1
39800,1
45183,1
28588,1
92775,1
89855,1
44192,1
84734,1
96298,1
89119,1
26558,1
95056,1
15339,1
410,1
53482,1
31736,1
5614,1
323,1
27264,1
82016,1
35756,1
34069,1
48352,1
79675,1
92441,1
44781,1
89546,1
52434,1
38944,1
14886,1
85886,1
21262,1
25700,1
13117,1
53594,1
59283,1
85340,1
16143,1
67361,1
84064,1
80759,1
85984,1
79904,1
25251,1
35570,1
28336,1
25930,1
19605,1
14895,1
18409,1
57236,1
255,1
61912,1
46908,1
28517,1
88579,1
30915,1
85997,1
4179,1
71323,1
90171,1
44124,1
14865,1
54498,1
83084,1
12572,1
68548,1
78317,1
41814,1
25229,1
84106,1
95142,1
96537,1
74644,1
14100,1
26399,1
79692,1
75100,1
22357,1
71823,1
89982,1
90201,1
67423,1
25724,1
41603,1
93944,1
78433,1
31057,1
19356,1
86914,1
21739,1
23870,1
1985,1
80492,1
3458,1
9918,1
65710,1
88950,1
93684,1
7383,1
90809,1
48028,1
19223,1
45283,1
53979,1
32356,1
12327,1
49837,1
16543,1
40545,1
63134,1
29286,1
16820,1
89235,1
32739,1
56155,1
76307,1
64994,1
37739,1
44733,1
35348,1
23764,1
31893,1
30423,1
90141,1
74836,1
91096,1
32819,1
7727,1
24965,1
93668,1
92748,1
9487,1
98116,1
61068,1
5106,1
91150,1
32784,1
6686,1
23020,1
15474,1
6301,1
50018,1
20288,1
1436,1
57138,1
20766,1
864,1
92592,1
36321,1
8644,1
27237,1
76320,1
85520,1
78277,1
20999,1
65302,1
42654,1
23515,1
25717,1
11927,1
43890,1
75746,1
51287,1
85413,1
80439,1
47586,1
68642,1
84073,1
22402,1
58504,1
51500,1
95924,1
81258,1
65496,1
10381,1
62073,1
91437,1
4687,1
35748,1
73093,1
39191,1
96116,1
95397,1
36546,1
86499,1
21679,1
73454,1
30792,1
91041,1
66742,1
22359,1
57131,1
91735,1
65076,1
21254,1
29918,1
9619,1
43696,1
76209,1
27383,1
51428,1
21628,1
12842,1
25979,1
14443,1
41105,1
90523,1
97274,1
13986,1
47205,1
7024,1
31948,1
78778,1
61907,1
14851,1
54107,1
56547,1
4748,1
69315,1
46730,1
74544,1
95172,1
59309,1
92795,1
36559,1
5403,1
84480,1
28029,1
96483,1
69133,1
8631,1
92624,1
55675,1
1789,1
7826,1
28245,1
11140,1
18805,1
26279,1
39050,1
70953,1
41890,1
67317,1
25440,1
27533,1
84218,1
17298,1
61784,1
82374,1
59122,1
84288,1
78418,1
58519,1
48254,1
50108,1
38039,1
27221,1
51582,1
57593,1
18167,1
92747,1
94635,1
65383,1
38002,1
51011,1
78409,1
67038,1
64050,1
73529,1
96245,1
26564,1
64286,1
78159,1
80154,1
41160,1
12019,1
92464,1
33241,1
63321,1
75239,1
97373,1
43430,1
45823,1
59036,1
36022,1
89745,1
35440,1
80802,1
91235,1
78752,1
57049,1
73789,1
39945,1
35800,1
4836,1
87906,1
80993,1
59365,1
44588,1
36656,1
37105,1
98951,1
14163,1
39142,1
5406,1
52760,1
12139,1
77266,1
72041,1
25824,1
29102,1
74294,1
71006,1
77478,1
79244,1
59175,1
45934,1
88452,1
23340,1
54283,1
21896,1
51937,1
64537,1
81322,1
36675,1
4889,1
13885,1
64696,1
58523,1
51035,1
7138,1
75077,1
37637,1
86531,1
97761,1
52755,1
55114,1
38585,1
21483,1
23630,1
48483,1
5239,1
94881,1
73462,1
64602,1
17842,1
28107,1
38892,1
87813,1
45254,1
40560,1
59693,1
95475,1
76978,1
91828,1
70461,1
4138,1
8426,1
28612,1
24253,1
45321,1
59716,1
55779,1
40741,1
93850,1
33463,1
51114,1
53512,1
60228,1
72226,1
60931,1
77351,1
20738,1
27071,1
82297,1
54990,1
69154,1
81921,1
68822,1
57234,1
51360,1
94731,1
52123,1
20280,1
85802,1
27061,1
80766,1
50628,1
16008,1
65003,1
75838,1
84268,1
76318,1
70731,1
87914,1
26772,1
77959,1
34790,1
91336,1
24059,1
13506,1
65949,1
66324,1
49630,1
53039,1
53253,1
84249,1
53269,1
87568,1
83998,1
72843,1
70887,1
83836,1
74571,1
91544,1
33678,1
34265,1
28345,1
85002,1
39124,1
97032,1
45114,1
69575,1
58204,1
98110,1
50411,1
59534,1
74852,1
95932,1
21623,1
63745,1
67063,1
69388,1
98010,1
34811,1
37593,1
7817,1
17645,1
46129,1
42214,1
9462,1
40381,1
65004,1
45036,1
43741,1
82461,1
72115,1
92248,1
64133,1
37488,1
22558,1
5050,1
10579,1
63736,1
7831,1
15074,1
6565,1
47881,1
35740,1
35398,1
3747,1
15522,1
27635,1
68678,1
36225,1
32907,1
77677,1
81920,1
58514,1
50353,1
56792,1
40607,1
52330,1
78542,1
42700,1
41706,1
5478,1
5308,1
68265,1
55982,1
14024,1
12744,1
40643,1
64732,1
98733,1
81220,1
91151,1
24039,1
57604,1
46013,1
19563,1
36021,1
16565,1
69181,1
33262,1
84767,1
32804,1
82701,1
39392,1
32053,1
57511,1
22937,1
32909,1
40566,1
24285,1
69808,1
50807,1
12915,1
16123,1
5373,1
25278,1
31269,1
71988,1
50532,1
11430,1
23446,1
76877,1
33458,1
45620,1
8231,1
59900,1
20650,1
16937,1
75158,1
87142,1
47634,1
62933,1
57364,1
79702,1
92840,1
60263,1
26643,1
85006,1
15140,1
17953,1
61317,1
22183,1
36543,1
96387,1
61550,1
80587,1
29393,1
87393,1
44475,1
43478,1
41829,1
49205,1
96806,1
20158,1
5238,1
3626,1
13466,1
32745,1
45257,1
22577,1
77221,1
61541,1
57661,1
54545,1
58590,1
18935,1
96699,1
36097,1
96326,1
3773,1
32670,1
88583,1
39343,1
52378,1
28162,1
26173,1
55276,1
57422,1
37120,1
89216,1
2402,1
63949,1
24634,1
36917,1
2018,1
52195,1
58839,1
1744,1
13044,1
16534,1
7468,1
7883,1
9657,1
89641,1
94358,1
17643,1
33254,1
93080,1
80894,1
74940,1
3278,1
96487,1
332,1
10602,1
98051,1
40699,1
35494,1
62778,1
56484,1
40773,1
91602,1
11904,1
75749,1
73956,1
93027,1
74231,1
48634,1
93852,1
45697,1
57057,1
48302,1
57957,1
83903,1
64936,1
76154,1
41188,1
86162,1
68456,1
69487,1
72014,1
22589,1
80405,1
1571,1
64143,1
23507,1
56895,1
7610,1
72459,1
44221,1
51020,1
83066,1
75534,1
62569,1
80690,1
95366,1
72738,1
92916,1
617,1
11404,1
55425,1
54993,1
24956,1
50681,1
94127,1
51195,1
35051,1
48933,1
10411,1
46056,1
97584,1
31737,1
75115,1
60397,1
84298,1
85927,1
77535,1
88191,1
69536,1
41412,1
22502,1
83541,1
23272,1
95598,1
91859,1
20771,1
50335,1
94995,1
8923,1
93367,1
71551,1
66064,1
79348,1
3323,1
5385,1
65303,1
5440,1
92889,1
22322,1
46179,1
82776,1
47502,1
46661,1
63110,1
89184,1
50567,1
35992,1
41546,1
7797,1
32101,1
41959,1
16716,1
86633,1
80353,1
54961,1
32358,1
8252,1
21089,1
91533,1
98154,1
24140,1
51512,1
55532,1
70983,1
69884,1
79216,1
64900,1
64201,1
86687,1
11583,1
33045,1
61726,1
12973,1
877,1
20762,1
61651,1
2050,1
34177,1
1370,1
45342,1
86024,1
84011,1
11714,1
74342,1
41000,1
94744,1
52949,1
4151,1
75106,1
18171,1
36003,1
3261,1
94383,1
39750,1
2533,1
51960,1
93993,1
2866,1
10643,1
91707,1
66810,1
35888,1
74239,1
49934,1
28699,1
12545,1
76560,1
48647,1
55294,1
33848,1
52039,1
35530,1
65995,1
6071,1
98617,1
58548,1
85199,1
22786,1
5060,1
23336,1
4995,1
77966,1
31076,1
39206,1
70185,1
10230,1
61148,1
36545,1
72227,1
34749,1
34133,1
22678,1
53111,1
23147,1
61413,1
90919,1
56188,1
88083,1
91886,1
92863,1
24849,1
24831,1
73315,1
56864,1
11542,1
49326,1
79681,1
12041,1
69600,1
46204,1
9990,1
10767,1
29910,1
53047,1
68256,1
86255,1
69637,1
31519,1
82413,1
75062,1
7895,1
18599,1
94533,1
42172,1
46168,1
85524,1
47380,1
56094,1
91907,1
61097,1
60279,1
98717,1
31942,1
26825,1
92406,1
7868,1
80832,1
18388,1
65151,1
21959,1
38512,1
69563,1
43867,1
9587,1
73581,1
12863,1
46578,1
41528,1
82071,1
7301,1
38752,1
72179,1
30720,1
87658,1
14933,1
8549,1
41715,1
80941,1
50832,1
55142,1
32294,1
61215,1
83399,1
23822,1
95788,1
92782,1
28642,1
4915,1
27347,1
82814,1
32762,1
9583,1
66769,1
5761,1
53630,1
74561,1
5336,1
79920,1
72356,1
12200,1
7703,1
73912,1
74764,1
83490,1
88792,1
87912,1
84778,1
65171,1
95039,1
70631,1
57213,1
37905,1
12650,1
17776,1
82299,1
26133,1
19651,1
31889,1
82303,1
2257,1
93748,1
69656,1
71747,1
79281,1
64057,1
5187,1
30071,1
41490,1
85336,1
2840,1
632,1
45715,1
91696,1
84081,1
86278,1
38875,1
53206,1
5323,1
83435,1
89688,1
88263,1
3064,1
26107,1
25825,1
97674,1
6220,1
71997,1
33422,1
53910,1
91993,1
57508,1
55520,1
50346,1
48122,1
86912,1
16068,1
96765,1
27354,1
16313,1
83855,1
88436,1
13178,1
34413,1
64907,1
68843,1
43045,1
5595,1
22984,1
29023,1
94014,1
352,1
63306,1
58344,1
71964,1
56564,1
24597,1
91968,1
8402,1
80618,1
7328,1
74448,1
29259,1
69058,1
53389,1
32477,1
29712,1
10655,1
55784,1
26936,1
76388,1
45504,1
17722,1
79197,1
95623,1
14674,1
52730,1
81167,1
14711,1
51369,1
6037,1
16944,1
36600,1
68078,1
78034,1
63248,1
36334,1
61416,1
15925,1
27389,1
16965,1
9949,1
47361,1
96622,1
9305,1
6012,1
23482,1
61496,1
89864,1
36588,1
78154,1
81541,1
19999,1
51052,1
76117,1
28521,1
97873,1
28007,1
10745,1
52958,1
48918,1
84500,1
60356,1
77138,1
2126,1
81286,1
16956,1
88683,1
36072,1
26918,1
25677,1
80272,1
49948,1
87776,1
57322,1
45601,1
60058,1
59272,1
79768,1
58674,1
33830,1
18090,1
27860,1
3531,1
15659,1
10062,1
48386,1
37683,1
89118,1
95099,1
78526,1
32242,1
45299,1
30297,1
45328,1
34125,1
20215,1
7631,1
94239,1
19329,1
23825,1
13755,1
44901,1
52312,1
72006,1
45021,1
53568,1
41584,1
256,1
10539,1
20173,1
64655,1
51627,1
75835,1
43534,1
31591,1
91449,1
34719,1
37409,1
15754,1
92965,1
27931,1
75406,1
18667,1
23850,1
41849,1
5854,1
34329,1
69080,1
12010,1
42819,1
46470,1
48719,1
41338,1
79896,1
27096,1
11679,1
74018,1
77875,1
25381,1
50726,1
2932,1
50794,1
100,1
8472,1
67796,1
5298,1
27758,1
97132,1
48549,1
57123,1
66184,1
7760,1
54298,1
22487,1
61746,1
84660,1
85310,1
45974,1
8188,1
27722,1
42987,1
46545,1
34066,1
16981,1
8484,1
13341,1
25206,1
57930,1
64724,1
54515,1
2757,1
25601,1
51776,1
89667,1
8643,1
59217,1
20047,1
74760,1
91259,1
14974,1
58585,1
69916,1
40820,1
57459,1
95143,1
81732,1
17011,1
39610,1
14702,1
32365,1
19510,1
28951,1
33131,1
87971,1
19071,1
37902,1
42879,1
24128,1
75964,1
52393,1
53513,1
45933,1
67514,1
91632,1
6052,1
72436,1
7279,1
51131,1
9025,1
755,1
53939,1
56815,1
65465,1
66028,1
66639,1
26100,1
6211,1
17067,1
66357,1
29254,1
11466,1
21200,1
95720,1
69385,1
92083,1
86942,1
16839,1
55554,1
75358,1
34970,1
84726,1
52792,1
39589,1
58120,1
80731,1
45740,1
90547,1
11042,1
85380,1
46149,1
89037,1
36360,1
28073,1
86176,1
68204,1
81742,1
60103,1
60476,1
88341,1
71620,1
63964,1
93983,1
6067,1
88257,1
49294,1
68540,1
30401,1
54355,1
41742,1
32514,1
8140,1
58441,1
79861,1
53338,1
48127,1
52807,1
49293,1
76979,1
30057,1
66277,1
2723,1
89575,1
60730,1
18666,1
81283,1
89475,1
1460,1
73344,1
89215,1
88149,1
45410,1
66059,1
50475,1
48699,1
76591,1
8143,1
97038,1
19290,1
19784,1
22198,1
57761,1
95449,1
22232,1
60255,1
9243,1
76933,1
55477,1
3089,1
52480,1
74645,1
10337,1
40118,1
75156,1
41173,1
6720,1
57229,1
46557,1
7560,1
66955,1
2582,1
36958,1
56218,1
40332,1
28009,1
75520,1
70493,1
68613,1
25310,1
72099,1
31040,1
62310,1
31670,1
87995,1
5297,1
90012,1
51276,1
66120,1
38731,1
76624,1
97607,1
90934,1
34259,1
56463,1
20962,1
86696,1
7516,1
81056,1
70895,1
64842,1
53144,1
88967,1
22189,1
33183,1
95646,1
45622,1
91309,1
98361,1
32261,1
58789,1
75118,1
88697,1
55379,1
63463,1
28590,1
62666,1
5080,1
8878,1
78575,1
12612,1
96493,1
88313,1
89901,1
53267,1
31186,1
80532,1
56389,1
12118,1
46480,1
13106,1
41826,1
60944,1
93081,1
42123,1
69606,1
54063,1
46079,1
47340,1
43705,1
48883,1
14406,1
15382,1
77830,1
13549,1
47849,1
90789,1
57141,1
83265,1
80277,1
75525,1
89845,1
10054,1
62766,1
95574,1
10498,1
13104,1
19691,1
83997,1
45079,1
79490,1
86034,1
61043,1
88648,1
75864,1
84809,1
64848,1
14973,1
94460,1
37114,1
25906,1
88531,1
11403,1
11086,1
12629,1
73040,1
98038,1
2837,1
47337,1
59903,1
58569,1
81456,1
7933,1
37408,1
24618,1
4552,1
87550,1
82219,1
8305,1
61495,1
74296,1
42616,1
36520,1
24957,1
79357,1
69635,1
91733,1
75187,1
72113,1
49279,1
57519,1
83710,1
80851,1
96101,1
70071,1
21102,1
42085,1
1660,1
24760,1
6600,1
69678,1
24011,1
56071,1
96391,1
41592,1
57260,1
81153,1
12537,1
94688,1
52315,1
16098,1
45278,1
63533,1
77226,1
63181,1
67262,1
64616,1
79763,1
25544,1
67839,1
66483,1
81411,1
16507,1
39688,1
25812,1
90568,1
17077,1
37171,1
60210,1
73862,1
56909,1
57170,1
86757,1
1603,1
50155,1
34168,1
82681,1
33057,1
15542,1
91694,1
28617,1
12395,1
30984,1
27213,1
38792,1
45411,1
29145,1
89693,1
89082,1
10330,1
76686,1
39308,1
37924,1
11625,1
86318,1
87944,1
36324,1
68242,1
20571,1
77419,1
36121,1
20136,1
82622,1
53007,1
25954,1
26155,1
29543,1
40259,1
64548,1
84310,1
63999,1
84974,1
92313,1
96488,1
30182,1
95505,1
43605,1
85225,1
19749,1
11594,1
22379,1
59739,1
91642,1
53441,1
59511,1
76746,1
95291,1
48876,1
61167,1
69390,1
58241,1
86012,1
1019,1
61755,1
59658,1
67461,1
48571,1
97972,1
98384,1
62197,1
3845,1
56288,1
84024,1
60306,1
28684,1
1937,1
49286,1
7514,1
2495,1
40265,1
82278,1
54952,1
60143,1
77994,1
59812,1
30727,1
65593,1
85549,1
63515,1
50015,1
6723,1
81197,1
30262,1
64670,1
36213,1
37477,1
57361,1
26911,1
10224,1
39000,1
58368,1
87733,1
80406,1
53170,1
66103,1
88352,1
29956,1
27567,1
29509,1
85670,1
57603,1
60319,1
37972,1
49048,1
64599,1
38864,1
2137,1
50857,1
72923,1
56454,1
6195,1
9332,1
67280,1
57724,1
71136,1
38921,1
55057,1
36059,1
86717,1
80877,1
28411,1
54315,1
5931,1
39682,1
69826,1
13084,1
20995,1
14115,1
80704,1
31721,1
30552,1
71524,1
34083,1
19255,1
47397,1
1649,1
95416,1
7490,1
15350,1
88295,1
14898,1
62183,1
50275,1
1143,1
37714,1
31295,1
42912,1
43754,1
83008,1
79270,1
94615,1
25383,1
68287,1
69316,1
55485,1
40117,1
77031,1
49504,1
33534,1
30911,1
52867,1
22053,1
85342,1
53456,1
96026,1
97106,1
93730,1
16791,1
47439,1
263,1
24820,1
84997,1
64004,1
35289,1
14047,1
93181,1
76223,1
22013,1
51373,1
6961,1
57898,1
95494,1
83883,1
2980,1
50160,1
51288,1
35855,1
28952,1
5588,1
67873,1
30199,1
85372,1
56872,1
80952,1
83644,1
73704,1
13977,1
33953,1
78091,1
37517,1
69097,1
83869,1
93015,1
53075,1
55134,1
94759,1
16429,1
42134,1
2059,1
40546,1
23088,1
30853,1
67208,1
6719,1
6711,1
57816,1
68454,1
54547,1
25452,1
21109,1
8413,1
69975,1
37290,1
35454,1
95891,1
98616,1
11361,1
69213,1
68436,1
98992,1
66751,1
10064,1
595,1
44963,1
7766,1
70666,1
31481,1
69831,1
88650,1
37497,1
15183,1
12791,1
23231,1
45520,1
25385,1
79413,1
7023,1
67383,1
2716,1
89487,1
21055,1
60569,1
61398,1
43509,1
29095,1
11288,1
58640,1
57395,1
15393,1
1164,1
69993,1
52053,1
36166,1
45693,1
62120,1
84799,1
58889,1
46953,1
45778,1
58748,1
15576,1
71888,1
92357,1
75773,1
4281,1
56122,1
13511,1
4177,1
57627,1
35734,1
64343,1
36583,1
85338,1
38805,1
53438,1
2907,1
34639,1
55540,1
29600,1
92278,1
22397,1
48468,1
7127,1
86087,1
3960,1
15814,1
11073,1
93795,1
3743,1
5992,1
60207,1
11962,1
7077,1
69530,1
90630,1
83808,1
13014,1
83783,1
72012,1
54862,1
26597,1
35355,1
23186,1
35493,1
4410,1
27052,1
20191,1
49680,1
10466,1
22386,1
79392,1
3639,1
5509,1
9605,1
52665,1
84433,1
11104,1
74685,1
66409,1
77075,1
70153,1
18043,1
81686,1
85022,1
56997,1
11003,1
57976,1
72916,1
38661,1
12698,1
94983,1
44794,1
80550,1
41481,1
58459,1
48417,1
13047,1
89344,1
53276,1
20735,1
1091,1
47893,1
71696,1
31567,1
57536,1
7359,1
3940,1
63894,1
43713,1
64892,1
19774,1
98182,1
16028,1
61131,1
6199,1
32617,1
37747,1
68610,1
42386,1
53486,1
85447,1
29837,1
87387,1
89404,1
73457,1
30600,1
84259,1
6048,1
46374,1
49656,1
17752,1
39004,1
30249,1
86193,1
49605,1
86537,1
43941,1
84352,1
97534,1
22459,1
45302,1
90179,1
4444,1
60742,1
86581,1
45999,1
88972,1
86956,1
86411,1
43893,1
52799,1
1748,1
35949,1
24743,1
38273,1
12920,1
59621,1
41149,1
32385,1
54475,1
2749,1
66811,1
27435,1
31584,1
60365,1
48290,1
22874,1
13254,1
12237,1
3481,1
13237,1
4324,1
79876,1
94113,1
8521,1
38602,1
63774,1
52200,1
96727,1
46985,1
51724,1
5888,1
91578,1
87241,1
94552,1
16139,1
2800,1
21457,1
47817,1
24182,1
71653,1
149,1
95319,1
94352,1
49723,1
7258,1
32808,1
24278,1
9237,1
62257,1
25707,1
50863,1
35630,1
60733,1
44061,1
51748,1
91935,1
72219,1
98283,1
83837,1
48272,1
66989,1
54834,1
70170,1
60562,1
40344,1
76462,1
74350,1
5041,1
43301,1
55815,1
72945,1
75419,1
26353,1
34525,1
29940,1
4188,1
39962,1
31745,1
84751,1
33341,1
79502,1
66074,1
75332,1
27115,1
66574,1
75379,1
50220,1
64043,1
49667,1
34714,1
83575,1
75962,1
58610,1
3887,1
6084,1
49711,1
50976,1
75189,1
68824,1
48950,1
18854,1
47481,1
33251,1
86829,1
58746,1
72764,1
74248,1
76226,1
52379,1
11355,1
85810,1
89106,1
40178,1
80649,1
16800,1
84920,1
75734,1
11657,1
6985,1
41542,1
1610,1
40477,1
60623,1
98962,1
58097,1
97376,1
93889,1
48422,1
4554,1
58708,1
35304,1
49870,1
66257,1
41751,1
69161,1
42122,1
36819,1
88748,1
79720,1
18079,1
76294,1
22482,1
53514,1
65702,1
18337,1
86887,1
23915,1
59715,1
11092,1
91229,1
49182,1
56046,1
45568,1
27699,1
79594,1
66522,1
23556,1
29679,1
1836,1
57558,1
76766,1
18176,1
28643,1
45220,1
29571,1
94934,1
82560,1
37280,1
28954,1
18582,1
51242,1
12146,1
65183,1
64945,1
54390,1
46188,1
37865,1
73325,1
39781,1
40735,1
67588,1
55592,1
6904,1
86207,1
92970,1
66249,1
93087,1
1574,1
7877,1
4837,1
29080,1
76207,1
18619,1
11375,1
44443,1
34932,1
84291,1
13730,1
3465,1
23367,1
82554,1
67740,1
78876,1
19281,1
91409,1
28877,1
60,1
43687,1
665,1
27568,1
15721,1
87075,1
45657,1
16318,1
55999,1
70459,1
79579,1
32772,1
5331,1
29606,1
24889,1
12614,1
4133,1
10339,1
5639,1
78705,1
78864,1
46720,1
47699,1
66366,1
80747,1
24464,1
76123,1
20056,1
14733,1
38829,1
11936,1
90744,1
5392,1
85204,1
75530,1
21093,1
35690,1
53657,1
43913,1
1912,1
28493,1
58935,1
81338,1
60022,1
84145,1
65391,1
82720,1
23439,1
52308,1
80207,1
31016,1
74646,1
43396,1
48367,1
78068,1
16215,1
16661,1
91077,1
79945,1
81066,1
81052,1
69962,1
27275,1
97936,1
68275,1
55367,1
69384,1
23878,1
64194,1
64798,1
75849,1
89580,1
96236,1
56964,1
5924,1
13256,1
82045,1
77974,1
98125,1
48862,1
70214,1
66373,1
9432,1
71261,1
29561,1
63438,1
14191,1
21733,1
12163,1
91739,1
16115,1
5243,1
33893,1
7493,1
97115,1
91218,1
21125,1
5531,1
28953,1
51092,1
26205,1
69469,1
41978,1
17148,1
92933,1
6279,1
94265,1
20481,1
26782,1
89499,1
82996,1
49228,1
17490,1
85461,1
45736,1
98401,1
21970,1
65075,1
96736,1
97635,1
56863,1
97969,1
90660,1
66454,1
92431,1
29822,1
3908,1
90962,1
50291,1
33703,1
13667,1
83011,1
58078,1
1699,1
21960,1
94698,1
13274,1
71611,1
96877,1
92716,1
80837,1
15137,1
43370,1
45551,1
22065,1
52525,1
89223,1
63078,1
75770,1
90254,1
15010,1
87830,1
90025,1
39830,1
81443,1
49455,1
9960,1
41091,1
40048,1
34693,1
48573,1
63850,1
18049,1
88483,1
40689,1
50394,1
28285,1
74817,1
34502,1
66899,1
23358,1
6596,1
21686,1
87620,1
80634,1
63830,1
24022,1
34505,1
3109,1
46288,1
50083,1
54762,1
82426,1
9761,1
60361,1
27462,1
53983,1
17321,1
36117,1
5713,1
248,1
4095,1
7154,1
65401,1
11518,1
95958,1
18296,1
11684,1
32975,1
7888,1
85582,1
41384,1
33081,1
28368,1
22302,1
28408,1
9262,1
17042,1
33504,1
89860,1
49527,1
32384,1
78657,1
96107,1
17634,1
15577,1
25219,1
5609,1
62061,1
5039,1
90677,1
20314,1
18328,1
92566,1
15411,1
87844,1
74446,1
37200,1
83255,1
20515,1
1848,1
70423,1
32864,1
38961,1
48517,1
4203,1
25997,1
27785,1
16787,1
75800,1
27463,1
98533,1
5675,1
44445,1
54832,1
10289,1
95540,1
26187,1
55447,1
63699,1
9379,1
58988,1
85899,1
15684,1
62390,1
65848,1
46116,1
81710,1
28891,1
88026,1
84781,1
63017,1
70231,1
23114,1
10959,1
14116,1
10315,1
33506,1
59999,1
78565,1
19226,1
69705,1
73919,1
64714,1
59639,1
29736,1
71913,1
89289,1
32344,1
48450,1
60586,1
82218,1
30545,1
23916,1
23,1
59317,1
75982,1
8274,1
85615,1
64236,1
3795,1
94276,1
88131,1
7578,1
8446,1
16518,1
51572,1
13365,1
93946,1
73202,1
90883,1
89424,1
92170,1
13673,1
43386,1
9457,1
62899,1
81983,1
19162,1
75377,1
36579,1
35409,1
34655,1
72899,1
32287,1
9353,1
34801,1
74354,1
91193,1
85504,1
95765,1
33949,1
33808,1
93862,1
92650,1
46617,1
64647,1
60988,1
62011,1
1684,1
95994,1
85903,1
57575,1
70234,1
94587,1
86898,1
88409,1
86014,1
3613,1
83634,1
79053,1
51844,1
63638,1
68255,1
13102,1
52046,1
84615,1
80691,1
34994,1
85458,1
74499,1
59227,1
93059,1
72237,1
33405,1
70067,1
2755,1
35742,1
59598,1
76118,1
80056,1
26920,1
85794,1
8591,1
80555,1
57725,1
66065,1
36980,1
35716,1
18462,1
34254,1
81899,1
36706,1
38627,1
25922,1
5653,1
21185,1
37279,1
92832,1
90124,1
43707,1
4407,1
79007,1
43885,1
50563,1
59795,1
66255,1
89793,1
29780,1
69947,1
39350,1
40106,1
37197,1
2630,1
45544,1
29569,1
75585,1
40255,1
43251,1
150,1
76305,1
2941,1
82398,1
57890,1
88562,1
12862,1
7839,1
84988,1
84457,1
31116,1
25285,1
20391,1
82939,1
31255,1
52516,1
73788,1
5160,1
52658,1
60838,1
74792,1
16616,1
20075,1
48457,1
27537,1
94391,1
62815,1
75279,1
24648,1
72187,1
73875,1
32462,1
2842,1
46287,1
69461,1
17960,1
20467,1
65520,1
70288,1
34546,1
68498,1
80909,1
38796,1
35862,1
71015,1
71485,1
59390,1
44509,1
2456,1
38582,1
59783,1
86148,1
61761,1
43709,1
44686,1
65414,1
38963,1
50095,1
32956,1
74661,1
42452,1
44428,1
14051,1
25192,1
79811,1
66948,1
41207,1
98948,1
13407,1
74492,1
12263,1
66959,1
7386,1
89364,1
79572,1
73672,1
97253,1
25630,1
6128,1
43661,1
83499,1
61341,1
73524,1
19756,1
50791,1
600,1
27801,1
47342,1
45803,1
62576,1
57224,1
72445,1
54491,1
74585,1
19870,1
10047,1
52611,1
40510,1
5688,1
15169,1
46408,1
80043,1
54183,1
24643,1
24095,1
45101,1
38314,1
61362,1
78669,1
59226,1
92154,1
21308,1
16310,1
5643,1
11376,1
95923,1
84120,1
48230,1
82132,1
57281,1
36335,1
15904,1
95350,1
25593,1
80234,1
96853,1
5282,1
67479,1
87434,1
71286,1
28163,1
32826,1
70721,1
43400,1
4351,1
64109,1
37155,1
46021,1
6584,1
11886,1
76077,1
21870,1
72063,1
41206,1
86683,1
61186,1
11374,1
87860,1
8033,1
8876,1
21392,1
18983,1
42730,1
79328,1
68479,1
3466,1
16193,1
32128,1
48695,1
62989,1
90275,1
79832,1
61118,1
73043,1
17958,1
24399,1
87639,1
231,1
42180,1
45854,1
55691,1
67607,1
95233,1
64733,1
97550,1
10917,1
29568,1
75787,1
41281,1
8540,1
18911,1
67970,1
77458,1
47156,1
48955,1
87084,1
49923,1
70530,1
41223,1
54725,1
63857,1
1474,1
41114,1
90002,1
20612,1
58,1
65266,1
97613,1
73827,1
75541,1
12292,1
75031,1
22525,1
40593,1
34913,1
50437,1
71290,1
19558,1
12306,1
66848,1
92631,1
36141,1
47391,1
51203,1
46968,1
95979,1
38043,1
61549,1
28071,1
13346,1
15810,1
67668,1
15422,1
11280,1
87421,1
82062,1
75857,1
68953,1
73963,1
92310,1
245,1
77199,1
4833,1
51355,1
79784,1
15600,1
45228,1
4485,1
75912,1
96822,1
96517,1
86989,1
25131,1
91085,1
61395,1
60524,1
68532,1
64738,1
29874,1
28947,1
44310,1
76380,1
43320,1
72697,1
11325,1
98593,1
75898,1
232,1
71234,1
78922,1
10553,1
13865,1
90663,1
64145,1
58269,1
63229,1
93895,1
83479,1
37647,1
94808,1
34411,1
60709,1
82116,1
40686,1
27124,1
36364,1
27404,1
15530,1
67004,1
54154,1
601,1
2267,1
59392,1
50602,1
45588,1
89619,1
76603,1
96201,1
25102,1
24089,1
27906,1
9691,1
77886,1
30861,1
96054,1
60281,1
88057,1
18452,1
43953,1
51893,1
7069,1
36228,1
10752,1
61695,1
76284,1
40193,1
22477,1
198,1
96180,1
81879,1
64734,1
57797,1
14694,1
37284,1
35192,1
59301,1
1801,1
64231,1
68888,1
98830,1
78919,1
3777,1
46321,1
58476,1
45891,1
1507,1
47446,1
22323,1
97930,1
11569,1
20911,1
49423,1
52776,1
7812,1
41017,1
63116,1
82959,1
27529,1
4037,1
21242,1
32026,1
42141,1
82920,1
11519,1
7013,1
86685,1
6511,1
22897,1
66613,1
82136,1
35531,1
54117,1
50718,1
19197,1
63724,1
72313,1
42785,1
18491,1
10586,1
37042,1
87796,1
71188,1
36249,1
51504,1
13789,1
83092,1
89382,1
43418,1
89170,1
84563,1
8172,1
74538,1
27574,1
83823,1
27728,1
2625,1
87655,1
22120,1
36722,1
11211,1
76067,1
22493,1
34520,1
84587,1
7851,1
13974,1
22381,1
76183,1
35287,1
12383,1
91989,1
44573,1
13661,1
35934,1
16451,1
6281,1
87669,1
51051,1
26293,1
33277,1
35083,1
23829,1
88529,1
58760,1
78092,1
57284,1
60701,1
11801,1
4813,1
95981,1
63396,1
79730,1
17428,1
44461,1
81630,1
74802,1
72401,1
76974,1
50842,1
40395,1
2322,1
31303,1
67047,1
23103,1
37820,1
93238,1
75897,1
52293,1
58154,1
84977,1
1346,1
7539,1
45877,1
87684,1
63871,1
90643,1
42898,1
52006,1
68738,1
63264,1
12477,1
5944,1
94,1
87305,1
1832,1
56109,1
24941,1
26626,1
37702,1
12130,1
71812,1
45422,1
23292,1
76359,1
29113,1
37054,1
76921,1
33129,1
77159,1
71061,1
71164,1
67761,1
3230,1
5750,1
94275,1
42042,1
33735,1
6865,1
97292,1
83085,1
29493,1
26503,1
84651,1
95193,1
28257,1
13563,1
94812,1
37694,1
37567,1
73596,1
37305,1
81575,1
72671,1
43545,1
19269,1
12143,1
10231,1
61246,1
82178,1
60581,1
51453,1
73974,1
37813,1
61990,1
71636,1
78796,1
82177,1
48540,1
72892,1
44664,1
29986,1
62469,1
81487,1
24202,1
51540,1
51298,1
59442,1
23824,1
87951,1
82440,1
55854,1
98192,1
69177,1
69189,1
95477,1
3579,1
96802,1
63655,1
21851,1
2444,1
92826,1
16083,1
60591,1
2160,1
83091,1
93220,1
34297,1
52928,1
52785,1
48850,1
66685,1
4328,1
61988,1
14684,1
66216,1
31612,1
37695,1
47060,1
31930,1
66514,1
63972,1
71375,1
57924,1
74670,1
69104,1
93487,1
96847,1
45939,1
76261,1
66291,1
56337,1
32110,1
80350,1
8212,1
14487,1
77617,1
63415,1
88891,1
52257,1
48616,1
89586,1
28492,1
68493,1
80948,1
44410,1
62182,1
60970,1
66743,1
1849,1
22832,1
90120,1
92381,1
36929,1
57759,1
15022,1
33320,1
61382,1
41718,1
13553,1
71237,1
4266,1
4714,1
54668,1
69493,1
30115,1
75466,1
72576,1
48243,1
55641,1
85084,1
37143,1
88340,1
67989,1
51862,1
77332,1
65742,1
54270,1
96291,1
52488,1
14275,1
31613,1
50803,1
70441,1
53380,1
28982,1
76808,1
95524,1
97051,1
21989,1
41551,1
53788,1
8208,1
579,1
98006,1
12865,1
45542,1
28079,1
39183,1
18845,1
5524,1
45560,1
91699,1
63959,1
40603,1
61208,1
43510,1
38789,1
26318,1
98148,1
66118,1
78169,1
8304,1
59373,1
82641,1
7364,1
97502,1
16368,1
20301,1
89019,1
26830,1
66983,1
1400,1
8881,1
10174,1
94871,1
96980,1
41998,1
12309,1
33836,1
11885,1
3341,1
775,1
18166,1
33125,1
14606,1
46995,1
7030,1
59047,1
87483,1
51530,1
67007,1
24469,1
80844,1
28050,1
1734,1
50298,1
5823,1
28768,1
76498,1
67642,1
7238,1
38612,1
6425,1
59880,1
54881,1
43760,1
9029,1
19092,1
88266,1
87583,1
20389,1
36555,1
12213,1
82575,1
44817,1
82005,1
69842,1
54381,1
14017,1
7800,1
70439,1
60871,1
89443,1
63425,1
37239,1
37857,1
88737,1
19389,1
40621,1
33511,1
60454,1
57389,1
11930,1
19355,1
43244,1
30935,1
72511,1
53313,1
93078,1
86518,1
94509,1
43889,1
12332,1
621,1
72502,1
3961,1
1295,1
83334,1
60946,1
95973,1
72536,1
4484,1
52459,1
54003,1
47413,1
19099,1
1692,1
32491,1
29573,1
11862,1
23452,1
79315,1
31066,1
83844,1
98678,1
74970,1
56355,1
82913,1
86370,1
77737,1
70991,1
78594,1
25599,1
95594,1
38349,1
51682,1
17638,1
27967,1
6336,1
18396,1
39461,1
97025,1
10205,1
31710,1
18490,1
23872,1
20064,1
67735,1
12188,1
65612,1
19566,1
12007,1
54188,1
56960,1
89557,1
88795,1
98340,1
51232,1
60104,1
78477,1
34119,1
9174,1
34995,1
65491,1
66588,1
19811,1
8719,1
7266,1
575,1
43356,1
29947,1
92203,1
5684,1
17573,1
48404,1
50182,1
16091,1
96430,1
5280,1
14025,1
18108,1
25390,1
67260,1
5237,1
37828,1
19230,1
52944,1
27852,1
39960,1
71122,1
47931,1
52391,1
31493,1
16396,1
57904,1
38622,1
2595,1
72364,1
91992,1
14614,1
16748,1
78727,1
26136,1
52177,1
88144,1
32137,1
81624,1
23317,1
10069,1
21206,1
47016,1
80606,1
11114,1
31549,1
98101,1
34810,1
32482,1
78359,1
54097,1
93290,1
34631,1
97539,1
52137,1
21508,1
77928,1
53383,1
59428,1
21278,1
61093,1
28426,1
31067,1
27459,1
42106,1
10175,1
16448,1
86655,1
89335,1
71992,1
50334,1
98481,1
42421,1
37111,1
60631,1
12439,1
14567,1
82505,1
10978,1
23544,1
13649,1
14228,1
57336,1
7065,1
19627,1
24284,1
5827,1
38143,1
16629,1
51105,1
12654,1
28538,1
77934,1
62114,1
5371,1
69375,1
50884,1
14570,1
75846,1
62222,1
87794,1
81664,1
32848,1
98397,1
32541,1
91042,1
6995,1
374,1
50957,1
31351,1
17901,1
23640,1
36938,1
38269,1
92292,1
31274,1
64728,1
70291,1
53209,1
2488,1
56015,1
57484,1
4304,1
54741,1
6058,1
13996,1
43084,1
6631,1
13074,1
28328,1
93585,1
32524,1
46666,1
16882,1
87592,1
42067,1
14414,1
30242,1
20639,1
57569,1
1589,1
45351,1
81282,1
57533,1
82455,1
4146,1
41042,1
58799,1
95111,1
83059,1
85926,1
7159,1
42126,1
81096,1
57451,1
79457,1
54883,1
51309,1
29975,1
26853,1
40261,1
52240,1
85843,1
52076,1
42345,1
29641,1
86194,1
11690,1
95182,1
25395,1
96253,1
55749,1
68567,1
44125,1
61020,1
76241,1
20071,1
63737,1
15412,1
68429,1
87143,1
37202,1
14242,1
4249,1
90511,1
35217,1
12224,1
32286,1
33020,1
90027,1
92813,1
53877,1
94382,1
73242,1
89426,1
36684,1
4807,1
81546,1
32991,1
41506,1
64457,1
57968,1
16230,1
67463,1
93293,1
89021,1
32379,1
53113,1
65978,1
37170,1
34174,1
6840,1
89634,1
87780,1
15805,1
96417,1
73230,1
66549,1
87714,1
96830,1
43336,1
2150,1
23184,1
42600,1
77107,1
72950,1
42679,1
35698,1
82769,1
33604,1
57034,1
72900,1
28598,1
72538,1
28798,1
28246,1
88527,1
57741,1
40334,1
26068,1
97633,1
57507,1
15287,1
2796,1
3500,1
73813,1
90603,1
24025,1
17758,1
16726,1
65351,1
63801,1
64189,1
13690,1
31971,1
27928,1
35187,1
46225,1
81950,1
94859,1
92184,1
28979,1
56981,1
85142,1
36968,1
79664,1
15478,1
89146,1
88300,1
34442,1
70094,1
52122,1
86880,1
18021,1
77762,1
51778,1
5189,1
70773,1
91375,1
31763,1
65548,1
70512,1
82922,1
65650,1
55124,1
37131,1
3767,1
97650,1
875,1
64908,1
98912,1
29041,1
72999,1
75577,1
71609,1
85616,1
12434,1
48645,1
6252,1
60014,1
76865,1
27173,1
62699,1
70992,1
51538,1
6317,1
89865,1
45423,1
18569,1
5789,1
88557,1
88587,1
22535,1
92250,1
27727,1
56780,1
45203,1
7233,1
6663,1
24489,1
94924,1
54734,1
85694,1
92068,1
85115,1
57941,1
94810,1
38337,1
90508,1
94177,1
72733,1
9898,1
43603,1
82838,1
84307,1
65808,1
98056,1
34836,1
96265,1
61335,1
13409,1
83911,1
93550,1
8135,1
30269,1
88239,1
91805,1
70469,1
70047,1
32729,1
95105,1
15523,1
9647,1
84586,1
77664,1
31117,1
49181,1
67733,1
69784,1
15206,1
55619,1
47429,1
8736,1
57499,1
67118,1
15331,1
72941,1
28641,1
26128,1
24328,1
88183,1
95612,1
42082,1
2897,1
23273,1
78328,1
65842,1
76405,1
54827,1
34613,1
26309,1
80250,1
45595,1
39339,1
25538,1
30421,1
23422,1
97624,1
66,1
40131,1
86712,1
48546,1
54916,1
6160,1
96490,1
17712,1
90490,1
63799,1
68119,1
7292,1
77337,1
4261,1
47143,1
91019,1
47540,1
15020,1
92769,1
42430,1
14786,1
82530,1
20907,1
1565,1
92549,1
93592,1
50531,1
62533,1
86398,1
75140,1
56353,1
71386,1
64263,1
52856,1
80718,1
20492,1
70854,1
73633,1
29855,1
27506,1
44014,1
41969,1
65497,1
44957,1
43037,1
18099,1
78078,1
74515,1
14631,1
51470,1
9055,1
46202,1
64456,1
68464,1
18675,1
90872,1
80863,1
83183,1
21447,1
6892,1
1631,1
49892,1
98837,1
71614,1
3759,1
24255,1
37214,1
40163,1
3644,1
49372,1
84607,1
50805,1
82934,1
36369,1
49030,1
24180,1
79741,1
55587,1
30326,1
6070,1
90364,1
78815,1
13039,1
35193,1
63786,1
82697,1
79694,1
2491,1
71432,1
16578,1
67434,1
43172,1
70815,1
77924,1
34646,1
49997,1
83078,1
96489,1
54505,1
68604,1
28055,1
96310,1
76121,1
47024,1
82073,1
79992,1
62848,1
11747,1
87439,1
44584,1
69173,1
25993,1
63447,1
14603,1
22658,1
58833,1
87943,1
60774,1
286,1
89066,1
68779,1
20590,1
95942,1
2277,1
55498,1
66663,1
25877,1
33683,1
10283,1
68828,1
27059,1
96640,1
11724,1
77949,1
25578,1
31888,1
51221,1
53167,1
28390,1
56349,1
48697,1
45758,1
88261,1
68809,1
47300,1
96691,1
5889,1
77876,1
9176,1
22927,1
16352,1
75856,1
16823,1
80075,1
2788,1
15394,1
664,1
85005,1
13612,1
23353,1
40040,1
44026,1
94244,1
96620,1
84982,1
22611,1
24907,1
6857,1
44882,1
71231,1
8138,1
73534,1
42396,1
40677,1
38626,1
79190,1
38226,1
82708,1
78459,1
96408,1
43088,1
77371,1
79791,1
79406,1
2480,1
21344,1
34234,1
69489,1
61112,1
70292,1
7239,1
32133,1
977,1
23652,1
39918,1
47644,1
3753,1
59409,1
42059,1
67359,1
42806,1
29535,1
83353,1
21189,1
22638,1
75453,1
62077,1
40392,1
55369,1
85007,1
50806,1
48024,1
17507,1
90899,1
72841,1
32105,1
67836,1
13246,1
22893,1
64916,1
74015,1
42518,1
93933,1
79292,1
41368,1
66768,1
77958,1
41265,1
13963,1
54850,1
13804,1
16526,1
73511,1
29200,1
87222,1
88915,1
57375,1
84488,1
71704,1
92072,1
16358,1
77098,1
66652,1
17404,1
35595,1
1719,1
48155,1
66314,1
88524,1
8964,1
87598,1
3904,1
61840,1
16786,1
20357,1
71285,1
30669,1
63416,1
7344,1
35763,1
2143,1
50799,1
71181,1
2414,1
51403,1
37458,1
85938,1
23101,1
3235,1
24971,1
9208,1
95593,1
2132,1
70105,1
29147,1
45569,1
81232,1
6660,1
35119,1
93672,1
73683,1
49487,1
42209,1
30090,1
35150,1
40418,1
21760,1
38064,1
82188,1
62027,1
34715,1
32917,1
35679,1
63743,1
35012,1
8526,1
24545,1
35583,1
44309,1
5633,1
33569,1
26695,1
4270,1
89981,1
44025,1
55985,1
18086,1
62422,1
83075,1
49171,1
89377,1
21541,1
51689,1
37144,1
75725,1
19010,1
14192,1
94070,1
53059,1
30441,1
20493,1
33764,1
92264,1
32803,1
35872,1
35016,1
70928,1
2915,1
46930,1
86923,1
93531,1
41962,1
64620,1
74719,1
76939,1
82000,1
48567,1
9813,1
23579,1
43058,1
10037,1
67841,1
79347,1
64427,1
68428,1
74445,1
24114,1
50070,1
2678,1
27003,1
45614,1
59514,1
15259,1
93863,1
67072,1
70430,1
12932,1
35528,1
17857,1
74313,1
47262,1
5876,1
12945,1
96406,1
98205,1
56285,1
69077,1
67589,1
74259,1
50955,1
29750,1
75788,1
97054,1
59998,1
78666,1
43960,1
46109,1
4336,1
35602,1
11821,1
15077,1
11050,1
82938,1
97971,1
37223,1
12152,1
33195,1
59357,1
81588,1
42337,1
42625,1
98176,1
30949,1
9460,1
25766,1
34786,1
7470,1
30540,1
72952,1
42417,1
25333,1
74958,1
51972,1
21755,1
91936,1
17737,1
94051,1
79757,1
19243,1
19397,1
52326,1
64188,1
89843,1
5546,1
38516,1
3062,1
56149,1
18537,1
10593,1
68298,1
94453,1
23447,1
18270,1
50340,1
85534,1
82976,1
90521,1
70660,1
1638,1
59810,1
5287,1
32752,1
41455,1
98511,1
11827,1
8673,1
59570,1
75739,1
70182,1
6636,1
11183,1
66152,1
18946,1
63813,1
87716,1
53065,1
19181,1
45324,1
10301,1
85506,1
90893,1
6384,1
42097,1
20125,1
91891,1
67569,1
95462,1
26659,1
50446,1
37759,1
2249,1
12990,1
19066,1
5567,1
294,1
82574,1
4019,1
98931,1
56197,1
15727,1
46799,1
31623,1
8961,1
75732,1
14751,1
74844,1
90576,1
21152,1
73498,1
33560,1
96254,1
55311,1
14370,1
37266,1
55936,1
90050,1
51190,1
41595,1
26409,1
48440,1
19724,1
91715,1
15728,1
53503,1
80947,1
25083,1
9926,1
95844,1
24856,1
75105,1
49803,1
8768,1
57767,1
39155,1
96558,1
76817,1
6096,1
39082,1
93158,1
11301,1
42468,1
12489,1
68599,1
37536,1
82491,1
24959,1
96020,1
6494,1
72419,1
22363,1
55096,1
53536,1
56127,1
89651,1
2884,1
59943,1
63351,1
11847,1
47558,1
73855,1
88097,1
34463,1
46163,1
10766,1
59274,1
64186,1
74981,1
95666,1
51333,1
52336,1
4150,1
12328,1
18995,1
46667,1
93980,1
92150,1
22906,1
80610,1
35958,1
57516,1
45963,1
18190,1
97052,1
23200,1
73637,1
19032,1
33474,1
17652,1
76240,1
34947,1
34898,1
41047,1
90118,1
48522,1
70628,1
56637,1
68734,1
86611,1
69437,1
77228,1
10322,1
61599,1
15147,1
4260,1
68356,1
20430,1
86100,1
20452,1
89354,1
36562,1
1533,1
57199,1
84424,1
46841,1
6243,1
62151,1
98573,1
47761,1
89113,1
98548,1
38438,1
28469,1
21258,1
5914,1
85159,1
60222,1
64157,1
41741,1
49123,1
88974,1
54224,1
5745,1
91302,1
83279,1
20629,1
85384,1
83538,1
28901,1
13465,1
18169,1
67498,1
94771,1
88226,1
37748,1
82241,1
87482,1
40009,1
64756,1
69066,1
79322,1
85957,1
78371,1
29692,1
18414,1
33663,1
57481,1
17715,1
8956,1
60740,1
23106,1
25771,1
67494,1
69582,1
75498,1
61655,1
73200,1
12684,1
90750,1
39858,1
4627,1
66413,1
32475,1
37808,1
66250,1
5819,1
80116,1
1751,1
11534,1
4139,1
97647,1
2139,1
43716,1
27653,1
572,1
46069,1
65909,1
37388,1
44047,1
61910,1
85314,1
70524,1
64479,1
72932,1
21358,1
35418,1
10288,1
85298,1
65632,1
22831,1
57231,1
79086,1
52425,1
48610,1
65883,1
34986,1
62893,1
57832,1
94441,1
50304,1
2760,1
2958,1
4478,1
83551,1
59240,1
76128,1
86941,1
79044,1
77395,1
64425,1
36193,1
25150,1
63868,1
46494,1
76059,1
65317,1
16269,1
90278,1
37792,1
35344,1
37584,1
72894,1
33653,1
59493,1
95850,1
16608,1
45284,1
86439,1
117,1
42231,1
14676,1
82900,1
74705,1
8991,1
61450,1
40575,1
13199,1
55577,1
47073,1
79721,1
32234,1
29907,1
25502,1
9732,1
78609,1
53123,1
72617,1
52464,1
36571,1
78931,1
71844,1
62842,1
4900,1
91714,1
51882,1
21968,1
39148,1
4432,1
43888,1
65107,1
21540,1
75261,1
61199,1
43991,1
17830,1
22615,1
41894,1
59902,1
70337,1
43023,1
55964,1
32214,1
39081,1
11924,1
20118,1
80493,1
35540,1
31346,1
98740,1
50510,1
58900,1
691,1
32939,1
5208,1
2429,1
90554,1
75868,1
39205,1
18545,1
25634,1
61896,1
80419,1
16453,1
96660,1
88542,1
92874,1
33645,1
12725,1
98221,1
56017,1
83884,1
19012,1
89488,1
64625,1
34515,1
17020,1
18850,1
82358,1
68258,1
76188,1
10814,1
60556,1
71471,1
46297,1
93928,1
65139,1
27409,1
66206,1
10098,1
76267,1
84685,1
90336,1
49627,1
1578,1
57221,1
12192,1
26559,1
13919,1
69737,1
94925,1
66999,1
71470,1
88270,1
45461,1
83735,1
86578,1
70100,1
86994,1
39398,1
86659,1
72151,1
83535,1
16345,1
52637,1
60527,1
96899,1
13638,1
52960,1
83976,1
67336,1
94941,1
80809,1
85080,1
12225,1
29953,1
61223,1
58967,1
9558,1
1255,1
88213,1
43881,1
85770,1
80232,1
80743,1
29009,1
27589,1
47253,1
53185,1
66199,1
26461,1
65965,1
91456,1
86777,1
65981,1
26665,1
842,1
18891,1
46050,1
59185,1
41259,1
54178,1
20178,1
96365,1
90256,1
78941,1
18568,1
77137,1
38350,1
48788,1
29785,1
17897,1
89591,1
87622,1
1501,1
46571,1
62227,1
78640,1
10987,1
59539,1
87170,1
36294,1
93652,1
24739,1
63466,1
67085,1
45315,1
62859,1
8077,1
31483,1
71967,1
53778,1
9185,1
6886,1
41957,1
65806,1
81897,1
80117,1
13942,1
58069,1
51135,1
46983,1
86632,1
9686,1
29974,1
24201,1
4380,1
16280,1
98550,1
39384,1
40471,1
4107,1
73474,1
97746,1
89914,1
65781,1
4366,1
95544,1
89956,1
85679,1
86389,1
71253,1
58680,1
41193,1
91156,1
87602,1
23334,1
61987,1
7716,1
25654,1
48289,1
93484,1
18734,1
41409,1
21701,1
96305,1
91975,1
39084,1
26294,1
22449,1
85571,1
14994,1
32571,1
2199,1
44451,1
14135,1
35003,1
92424,1
81323,1
9469,1
9193,1
30835,1
66337,1
50181,1
48572,1
61122,1
60477,1
53901,1
44886,1
38179,1
90410,1
76471,1
43657,1
29106,1
72483,1
55710,1
36890,1
749,1
11937,1
64304,1
52607,1
54594,1
45995,1
49561,1
3456,1
85191,1
44148,1
85146,1
24109,1
91503,1
91540,1
34278,1
59376,1
7000,1
60496,1
51775,1
22868,1
94132,1
33394,1
29875,1
15826,1
51086,1
88230,1
90190,1
44256,1
16973,1
88752,1
96623,1
46008,1
36997,1
66836,1
56878,1
23283,1
67414,1
51695,1
18656,1
50400,1
15292,1
858,1
23299,1
80303,1
88130,1
76596,1
8152,1
34222,1
44649,1
40999,1
58795,1
1867,1
94518,1
80095,1
23992,1
59720,1
34539,1
34827,1
25909,1
17975,1
69003,1
86752,1
38197,1
24144,1
12940,1
39840,1
12268,1
77883,1
40934,1
84890,1
11206,1
56629,1
98927,1
54487,1
21435,1
97445,1
85552,1
88166,1
46994,1
30079,1
8523,1
85690,1
68329,1
59926,1
94471,1
5691,1
83422,1
55674,1
33211,1
72199,1
64664,1
45247,1
13791,1
32283,1
9594,1
51737,1
37261,1
60042,1
10831,1
93540,1
38470,1
40226,1
41538,1
79464,1
15308,1
48815,1
25319,1
93598,1
61647,1
52332,1
18230,1
3391,1
69960,1
30351,1
2832,1
76803,1
33535,1
22608,1
28902,1
71716,1
81023,1
50338,1
53572,1
64408,1
17114,1
38305,1
54423,1
12484,1
87272,1
25992,1
13790,1
3326,1
86790,1
32530,1
95159,1
47803,1
74422,1
89905,1
73254,1
18276,1
89419,1
19713,1
92828,1
45499,1
20120,1
18492,1
44942,1
2151,1
3049,1
59651,1
66315,1
50777,1
97236,1
52620,1
44776,1
89073,1
42267,1
6909,1
15675,1
98650,1
74806,1
42155,1
1368,1
69068,1
27308,1
61422,1
15686,1
31555,1
38180,1
70828,1
35575,1
28289,1
92453,1
32362,1
49739,1
81533,1
14905,1
42039,1
16146,1
52179,1
17074,1
54578,1
63709,1
78613,1
85377,1
45706,1
65468,1
69703,1
90509,1
81382,1
92339,1
18105,1
95821,1
67086,1
18211,1
45516,1
41140,1
73775,1
58753,1
50710,1
57359,1
58567,1
89392,1
14057,1
10004,1
95413,1
13131,1
8656,1
8062,1
59605,1
63001,1
88600,1
76170,1
49523,1
56904,1
53756,1
25271,1
28043,1
29473,1
45553,1
7113,1
94838,1
59236,1
66078,1
64856,1
28995,1
3353,1
26388,1
36873,1
5882,1
24430,1
78787,1
91238,1
41417,1
73470,1
24711,1
21742,1
73890,1
38487,1
51792,1
54301,1
32509,1
61609,1
18550,1
27338,1
38456,1
43495,1
16151,1
35266,1
32743,1
47592,1
76842,1
83796,1
34683,1
33843,1
68913,1
98290,1
42190,1
63502,1
87207,1
64296,1
98278,1
87650,1
18019,1
7485,1
28748,1
44097,1
16647,1
37464,1
61660,1
7669,1
4904,1
52437,1
3557,1
34132,1
82011,1
69555,1
44589,1
77111,1
29499,1
8825,1
65048,1
58393,1
96571,1
93798,1
27792,1
86467,1
95085,1
57557,1
3484,1
48709,1
42878,1
47212,1
25787,1
21826,1
13214,1
7648,1
15090,1
85375,1
2505,1
5218,1
53210,1
45845,1
27153,1
57370,1
61044,1
27104,1
56305,1
75756,1
46701,1
54662,1
83443,1
48583,1
46244,1
26322,1
152,1
29085,1
40024,1
28025,1
37847,1
10375,1
27913,1
8985,1
16777,1
69739,1
86704,1
16422,1
37184,1
6378,1
95194,1
31539,1
69717,1
94637,1
28899,1
69872,1
35920,1
4307,1
35326,1
18145,1
11025,1
18035,1
16179,1
7017,1
31806,1
4648,1
95248,1
17164,1
61233,1
72691,1
48754,1
70995,1
76867,1
34048,1
24642,1
2584,1
8739,1
75329,1
1713,1
50621,1
41625,1
56033,1
41319,1
78198,1
2183,1
61441,1
75909,1
97786,1
58961,1
51371,1
1185,1
96989,1
1096,1
21849,1
56918,1
47993,1
31576,1
33795,1
65875,1
75202,1
21000,1
40240,1
75687,1
66333,1
823,1
97261,1
16844,1
46852,1
51520,1
27132,1
1506,1
42894,1
12956,1
46684,1
14873,1
88264,1
93000,1
77492,1
77399,1
7269,1
61227,1
76661,1
83728,1
84915,1
92156,1
21091,1
5543,1
46665,1
18251,1
23146,1
42871,1
74794,1
67856,1
24898,1
6405,1
41424,1
18290,1
79140,1
21983,1
29710,1
34188,1
73894,1
53609,1
87359,1
69364,1
8596,1
45154,1
64693,1
38434,1
91861,1
23811,1
96855,1
24133,1
35861,1
80935,1
27492,1
2512,1
93121,1
40160,1
38101,1
17606,1
85069,1
60241,1
39232,1
73901,1
47323,1
23613,1
6863,1
27147,1
77420,1
52266,1
7555,1
64485,1
75509,1
292,1
38130,1
45510,1
37452,1
95451,1
24037,1
63650,1
67265,1
898,1
86773,1
90285,1
36367,1
62582,1
37742,1
38923,1
12448,1
42611,1
54110,1
86833,1
5572,1
90673,1
55411,1
85882,1
9958,1
28749,1
81058,1
94007,1
54602,1
35641,1
98322,1
11511,1
25718,1
68212,1
11100,1
56133,1
51471,1
59771,1
80735,1
33055,1
89227,1
4781,1
25139,1
34576,1
75975,1
36823,1
34941,1
64577,1
75253,1
85884,1
37494,1
18461,1
87652,1
29976,1
50119,1
10179,1
3637,1
36641,1
346,1
30730,1
92394,1
8998,1
4604,1
96849,1
55442,1
96587,1
7390,1
81635,1
88142,1
13170,1
53690,1
47692,1
55826,1
9749,1
17332,1
23288,1
15387,1
19899,1
9634,1
24175,1
65699,1
72729,1
83675,1
20237,1
86933,1
52404,1
59503,1
96099,1
41728,1
52271,1
19312,1
34388,1
66007,1
80975,1
10034,1
96061,1
7202,1
54046,1
18398,1
92700,1
44176,1
52211,1
38525,1
44227,1
42485,1
49083,1
17779,1
75186,1
5501,1
37715,1
80602,1
52078,1
24369,1
97345,1
69193,1
67285,1
49135,1
77694,1
48956,1
91918,1
86921,1
75775,1
73843,1
58903,1
95047,1
42653,1
72294,1
36008,1
35098,1
71612,1
49538,1
13207,1
29483,1
81863,1
81979,1
95090,1
62991,1
57496,1
28223,1
95975,1
38090,1
61577,1
72995,1
46015,1
26576,1
31523,1
49425,1
59573,1
6032,1
53093,1
65957,1
19786,1
53302,1
31674,1
69991,1
31043,1
94415,1
73369,1
41679,1
83824,1
62305,1
38906,1
7106,1
45577,1
93981,1
9823,1
15023,1
93729,1
78228,1
21803,1
26857,1
47573,1
89581,1
51372,1
19678,1
30749,1
52696,1
28597,1
80825,1
49003,1
7599,1
59310,1
98562,1
3859,1
69275,1
530,1
7903,1
90825,1
47974,1
30936,1
82484,1
78969,1
15512,1
37192,1
70988,1
55406,1
60833,1
15619,1
84636,1
89500,1
10673,1
95071,1
86486,1
17668,1
22092,1
73781,1
36269,1
91877,1
74874,1
70057,1
94120,1
24389,1
65853,1
52818,1
83354,1
70194,1
46716,1
19133,1
13608,1
10214,1
12322,1
15450,1
64187,1
40207,1
63785,1
7424,1
7133,1
18824,1
89340,1
25969,1
90187,1
90271,1
94541,1
50886,1
87309,1
51192,1
1033,1
66531,1
38142,1
71961,1
41408,1
77340,1
41257,1
34889,1
50020,1
58712,1
1584,1
27069,1
45788,1
36933,1
17252,1
30556,1
28461,1
72465,1
73500,1
48394,1
19273,1
96801,1
33762,1
56893,1
9288,1
90095,1
27862,1
69442,1
14546,1
70373,1
40337,1
85339,1
48322,1
90526,1
81367,1
84441,1
41771,1
73903,1
71556,1
1604,1
13043,1
18966,1
26443,1
51977,1
2264,1
90666,1
43971,1
1236,1
59199,1
55179,1
41900,1
89167,1
52782,1
13337,1
74082,1
11476,1
98661,1
61818,1
78067,1
54502,1
37463,1
83262,1
21538,1
90225,1
7911,1
11631,1
78915,1
47109,1
88659,1
32921,1
76822,1
45634,1
18664,1
74048,1
80619,1
22413,1
79200,1
26555,1
30252,1
13031,1
64673,1
10798,1
43601,1
74894,1
16948,1
47250,1
30229,1
88965,1
19635,1
70151,1
72556,1
87029,1
46023,1
68827,1
5473,1
51669,1
38255,1
24945,1
69983,1
26703,1
7020,1
36105,1
52277,1
79362,1
32876,1
82949,1
29030,1
13984,1
53335,1
32870,1
44233,1
76706,1
17824,1
47845,1
45076,1
7120,1
26709,1
59560,1
83053,1
35307,1
23689,1
60154,1
59322,1
98909,1
93028,1
29188,1
2286,1
20777,1
6841,1
73960,1
27778,1
80286,1
61909,1
32805,1
92550,1
48038,1
29078,1
76326,1
61585,1
22919,1
81790,1
20904,1
28613,1
38013,1
70521,1
89874,1
68384,1
75759,1
72315,1
23224,1
21552,1
68012,1
32709,1
61369,1
66212,1
83215,1
13861,1
79335,1
94006,1
18033,1
21024,1
5561,1
98524,1
17835,1
62177,1
5542,1
44459,1
88392,1
84955,1
22546,1
29583,1
60852,1
3022,1
6615,1
34194,1
86064,1
83189,1
45898,1
38291,1
58310,1
30481,1
10584,1
96816,1
18586,1
17166,1
75183,1
87218,1
17016,1
55401,1
26881,1
69381,1
91821,1
59563,1
72583,1
10521,1
81628,1
87405,1
49608,1
20216,1
62251,1
24267,1
38863,1
56473,1
28663,1
54143,1
2518,1
16618,1
6475,1
3802,1
10664,1
45190,1
25368,1
66437,1
93963,1
92902,1
34229,1
7039,1
89519,1
17311,1
68375,1
81566,1
15104,1
60260,1
4040,1
25273,1
52886,1
64031,1
51449,1
59741,1
78247,1
39138,1
91917,1
73676,1
41169,1
68283,1
26780,1
66137,1
72033,1
93669,1
78897,1
80590,1
92860,1
3395,1
8089,1
32410,1
29130,1
54166,1
11774,1
27941,1
74275,1
96627,1
89171,1
2657,1
46339,1
5153,1
62960,1
68372,1
35121,1
3179,1
43646,1
92006,1
36140,1
95369,1
69941,1
86246,1
32551,1
83243,1
24388,1
32940,1
14117,1
51240,1
38003,1
95808,1
94968,1
70808,1
98078,1
68495,1
86322,1
56836,1
88989,1
60636,1
88023,1
69476,1
20837,1
50960,1
97110,1
21480,1
17479,1
73252,1
12111,1
84465,1
17093,1
26010,1
88474,1
29462,1
45694,1
17482,1
4012,1
6304,1
12892,1
36969,1
43998,1
12140,1
3378,1
23314,1
35817,1
94465,1
26420,1
69958,1
20603,1
62172,1
75729,1
77097,1
27113,1
25364,1
94211,1
78592,1
26828,1
36404,1
85576,1
6542,1
38527,1
47417,1
13701,1
55431,1
81200,1
3742,1
15442,1
47605,1
97601,1
11794,1
65517,1
82220,1
51199,1
93019,1
64996,1
33725,1
83510,1
9058,1
76506,1
41391,1
73532,1
97649,1
77894,1
16359,1
68365,1
62234,1
67353,1
18256,1
39979,1
76447,1
23747,1
19079,1
77126,1
49888,1
64459,1
43190,1
27922,1
46014,1
68935,1
44156,1
11967,1
9538,1
45895,1
29536,1
63059,1
98764,1
1326,1
52262,1
39336,1
88832,1
45110,1
70699,1
10426,1
7700,1
76099,1
75524,1
58165,1
32100,1
9522,1
95685,1
96181,1
96543,1
23230,1
33282,1
88671,1
80527,1
85948,1
23179,1
10111,1
97464,1
31532,1
20154,1
82359,1
24189,1
26965,1
90654,1
96514,1
18733,1
74025,1
80289,1
48140,1
56821,1
72087,1
81476,1
40853,1
79211,1
54483,1
62505,1
29778,1
97657,1
57526,1
57560,1
26432,1
83809,1
7872,1
16528,1
62971,1
5269,1
33665,1
97323,1
84238,1
39053,1
27017,1
80739,1
50515,1
88942,1
74044,1
12005,1
97062,1
1424,1
29055,1
74010,1
1384,1
59856,1
51503,1
28309,1
2461,1
7429,1
72725,1
7088,1
57980,1
18306,1
83795,1
89717,1
80007,1
44336,1
47398,1
93134,1
93109,1
28867,1
82632,1
7178,1
64950,1
77444,1
83838,1
79127,1
16404,1
68040,1
17889,1
53710,1
38138,1
1921,1
25343,1
46113,1
23539,1
63698,1
33872,1
71843,1
62749,1
88589,1
32036,1
75716,1
32390,1
2951,1
64410,1
73170,1
27434,1
5752,1
46481,1
98991,1
89026,1
98765,1
77710,1
46590,1
67724,1
78047,1
74335,1
85229,1
80959,1
19609,1
31682,1
25164,1
76819,1
9179,1
17409,1
69332,1
35017,1
44845,1
89162,1
16880,1
52825,1
39009,1
80446,1
87324,1
17878,1
46164,1
91762,1
58980,1
97506,1
11630,1
16500,1
74633,1
77565,1
11700,1
9851,1
20290,1
50168,1
85033,1
16563,1
31740,1
21769,1
71421,1
35354,1
56982,1
45578,1
42153,1
98647,1
15135,1
27143,1
86624,1
44827,1
3450,1
30108,1
11606,1
97631,1
86709,1
96338,1
55890,1
81374,1
84177,1
9506,1
30809,1
67101,1
37429,1
87958,1
91429,1
97857,1
98784,1
84923,1
40990,1
49297,1
96704,1
90115,1
67734,1
12983,1
34952,1
68336,1
47099,1
66881,1
69981,1
34116,1
6268,1
78266,1
77386,1
46951,1
63151,1
62146,1
14387,1
97316,1
41111,1
71424,1
31263,1
56855,1
55533,1
48999,1
67669,1
18147,1
14358,1
7412,1
17939,1
68784,1
44788,1
60916,1
76298,1
16968,1
19118,1
28326,1
69203,1
81748,1
87203,1
66805,1
79019,1
22342,1
23461,1
11667,1
13469,1
78621,1
5993,1
17271,1
48497,1
88552,1
9812,1
93674,1
18868,1
34380,1
94919,1
89848,1
94594,1
80805,1
94630,1
27166,1
30536,1
16641,1
23792,1
27644,1
51159,1
91760,1
23077,1
94885,1
84005,1
38399,1
39855,1
30342,1
42136,1
71866,1
39887,1
95688,1
48358,1
40212,1
28888,1
53706,1
27416,1
36747,1
78265,1
42594,1
44441,1
37162,1
42750,1
15806,1
87870,1
91723,1
46005,1
81764,1
31589,1
62245,1
46499,1
33862,1
88155,1
39995,1
15044,1
52961,1
41657,1
4452,1
24212,1
83366,1
79445,1
56493,1
94851,1
96259,1
90062,1
42257,1
72385,1
11406,1
26642,1
93952,1
85735,1
47082,1
57769,1
27673,1
36053,1
91378,1
24291,1
71358,1
58065,1
32706,1
70344,1
59671,1
27840,1
30997,1
12811,1
26035,1
7079,1
57867,1
74587,1
12902,1
20521,1
21355,1
82400,1
48848,1
92946,1
86114,1
1537,1
1740,1
3461,1
7914,1
51667,1
29699,1
42571,1
82092,1
35663,1
13519,1
59762,1
42908,1
66610,1
89252,1
66539,1
44726,1
87967,1
45336,1
7246,1
10336,1
78529,1
88007,1
96348,1
80278,1
15970,1
50251,1
189,1
8475,1
86415,1
14906,1
25135,1
59154,1
81903,1
92755,1
49306,1
69944,1
93152,1
31100,1
11675,1
29517,1
80359,1
5642,1
36288,1
71331,1
83536,1
42033,1
80930,1
85623,1
75493,1
42449,1
53766,1
18260,1
75664,1
26316,1
14863,1
40995,1
69291,1
35190,1
11063,1
33322,1
51957,1
14260,1
15348,1
14104,1
33974,1
26256,1
94672,1
79330,1
63686,1
75675,1
39135,1
52290,1
89590,1
92435,1
95162,1
49354,1
39805,1
84332,1
34143,1
15773,1
86263,1
76230,1
42426,1
63532,1
92980,1
92285,1
53600,1
83226,1
97536,1
44421,1
26553,1
51057,1
62158,1
70362,1
40525,1
37734,1
24292,1
33788,1
79460,1
68799,1
96377,1
40787,1
84831,1
53567,1
80792,1
11955,1
62355,1
74543,1
15568,1
91729,1
26833,1
6987,1
17783,1
85547,1
49901,1
67207,1
61429,1
97229,1
84956,1
24110,1
53989,1
73363,1
5739,1
89670,1
28039,1
17667,1
26656,1
42618,1
91117,1
32584,1
5690,1
19344,1
15658,1
54630,1
9689,1
10105,1
13978,1
42644,1
26003,1
42967,1
55088,1
64951,1
2449,1
52152,1
47231,1
18701,1
32210,1
21462,1
18292,1
88324,1
59275,1
61834,1
35392,1
89458,1
5082,1
93661,1
8285,1
97929,1
68979,1
26725,1
28583,1
67988,1
40383,1
21284,1
73557,1
44854,1
28450,1
58587,1
63896,1
2360,1
37741,1
5062,1
73236,1
55728,1
28938,1
34793,1
48106,1
63238,1
44140,1
69412,1
42154,1
36858,1
97185,1
37287,1
13343,1
90400,1
19205,1
72534,1
27812,1
81734,1
86293,1
87120,1
3833,1
67466,1
51916,1
56476,1
7128,1
91338,1
95379,1
77311,1
37154,1
75877,1
98074,1
74125,1
20546,1
33806,1
29562,1
20028,1
32389,1
16703,1
53946,1
26623,1
73881,1
65868,1
62868,1
17441,1
51868,1
87848,1
28376,1
8008,1
16241,1
66541,1
27302,1
78963,1
57698,1
13888,1
31969,1
70597,1
51255,1
69665,1
7431,1
67987,1
68859,1
2639,1
21424,1
48701,1
14360,1
55678,1
75728,1
66907,1
3168,1
39991,1
62877,1
21249,1
20731,1
7758,1
94609,1
21505,1
90955,1
78639,1
72324,1
81751,1
63659,1
11426,1
54967,1
19482,1
10652,1
79067,1
88184,1
37616,1
53693,1
61944,1
5387,1
49161,1
41789,1
16178,1
76750,1
80442,1
71534,1
75278,1
57265,1
22073,1
67750,1
24966,1
69810,1
92714,1
97767,1
20969,1
96429,1
25169,1
7569,1
44813,1
50638,1
5149,1
12095,1
71633,1
73955,1
91590,1
31000,1
50654,1
71338,1
86403,1
35281,1
53506,1
28709,1
46721,1
16172,1
44519,1
56969,1
33357,1
64962,1
94300,1
13671,1
58992,1
80613,1
26073,1
88701,1
1548,1
62639,1
18691,1
39905,1
26126,1
17965,1
65308,1
91223,1
8263,1
92322,1
49965,1
16413,1
54699,1
73451,1
43288,1
69841,1
94089,1
90134,1
40869,1
22822,1
13378,1
63965,1
20360,1
61786,1
40274,1
22936,1
97011,1
53091,1
66616,1
23076,1
69787,1
1790,1
44978,1
78677,1
7253,1
62195,1
48326,1
74472,1
3699,1
67696,1
29021,1
44182,1
8142,1
46221,1
38837,1
45675,1
53019,1
87058,1
22014,1
1428,1
67264,1
53273,1
89573,1
48153,1
31157,1
69072,1
1308,1
86589,1
19969,1
15480,1
12894,1
37851,1
60618,1
74062,1
67694,1
42924,1
71482,1
75445,1
6966,1
82871,1
93434,1
31380,1
21783,1
7204,1
84947,1
90094,1
48375,1
35743,1
4684,1
78258,1
84445,1
62990,1
44875,1
1540,1
22152,1
92898,1
61864,1
8724,1
45054,1
59704,1
69377,1
68608,1
27344,1
35057,1
50081,1
34839,1
80025,1
68494,1
82511,1
40357,1
14709,1
63102,1
4163,1
33327,1
356,1
52726,1
22127,1
18867,1
4622,1
92773,1
75222,1
35357,1
35558,1
71597,1
57312,1
24096,1
19338,1
87939,1
19600,1
5596,1
54088,1
22613,1
97214,1
26327,1
14841,1
53216,1
54666,1
20010,1
69411,1
80443,1
22667,1
94179,1
17302,1
34858,1
86040,1
32683,1
28757,1
86509,1
81247,1
30957,1
73838,1
31326,1
44976,1
5839,1
93449,1
29461,1
4060,1
12094,1
71607,1
34640,1
47033,1
6905,1
44668,1
45066,1
23817,1
70114,1
66783,1
59224,1
62883,1
10254,1
94947,1
70862,1
1015,1
96018,1
90108,1
94141,1
68920,1
22817,1
83125,1
88354,1
6109,1
24017,1
37428,1
52082,1
21380,1
27815,1
37853,1
18890,1
18889,1
61738,1
10730,1
87588,1
90103,1
82908,1
65599,1
17924,1
46306,1
1864,1
3564,1
32463,1
72806,1
84368,1
83421,1
15648,1
64877,1
88994,1
9240,1
55805,1
3413,1
56934,1
39473,1
72397,1
29350,1
77658,1
49562,1
40746,1
76442,1
47599,1
81976,1
29440,1
74039,1
29698,1
7484,1
23541,1
4594,1
72469,1
3815,1
61466,1
92402,1
18030,1
83668,1
78349,1
17002,1
50322,1
17761,1
9881,1
84128,1
77026,1
31461,1
50882,1
47463,1
18069,1
51043,1
68410,1
62931,1
85829,1
82118,1
61314,1
29119,1
34691,1
67558,1
97494,1
96826,1
70658,1
38935,1
78498,1
56295,1
97091,1
17784,1
63540,1
66879,1
20845,1
37850,1
80338,1
70802,1
98327,1
96645,1
83828,1
93410,1
43921,1
28273,1
74095,1
8999,1
65416,1
61940,1
5259,1
79332,1
47520,1
52752,1
31009,1
73653,1
13967,1
95083,1
61778,1
82066,1
59205,1
8441,1
69904,1
59174,1
74694,1
23921,1
62098,1
42364,1
34813,1
17707,1
14401,1
80843,1
69835,1
78134,1
80120,1
43132,1
30102,1
68786,1
35768,1
54623,1
11216,1
54170,1
53525,1
8429,1
19466,1
82058,1
45990,1
78137,1
49176,1
86125,1
85574,1
34334,1
58327,1
39097,1
1145,1
29887,1
58131,1
69513,1
2087,1
93927,1
5410,1
25921,1
33590,1
27256,1
84641,1
48797,1
57611,1
31485,1
36960,1
51765,1
16501,1
98605,1
56822,1
48173,1
4162,1
90748,1
81993,1
9376,1
968,1
37384,1
71694,1
39674,1
23261,1
43237,1
85697,1
48986,1
54276,1
59922,1
1621,1
2292,1
22804,1
13878,1
27918,1
8853,1
38606,1
93727,1
91597,1
72418,1
24518,1
22356,1
25451,1
22526,1
10773,1
45207,1
51137,1
24928,1
31578,1
61182,1
28885,1
13023,1
18236,1
77018,1
5024,1
72580,1
41739,1
63756,1
49593,1
90418,1
27998,1
31953,1
20955,1
45892,1
5420,1
89600,1
47014,1
95557,1
90970,1
6046,1
39172,1
32612,1
12695,1
57330,1
21979,1
12713,1
92312,1
58850,1
88371,1
55651,1
9655,1
64669,1
54879,1
5017,1
30954,1
10141,1
8759,1
10570,1
78896,1
69609,1
51864,1
978,1
80306,1
38548,1
39099,1
79389,1
61927,1
1307,1
30144,1
55347,1
20167,1
94304,1
83508,1
97743,1
2440,1
6771,1
96081,1
79686,1
169,1
21966,1
81186,1
92858,1
98612,1
46270,1
2607,1
71884,1
46575,1
53178,1
2552,1
8901,1
15772,1
72241,1
98072,1
70372,1
39934,1
93225,1
84604,1
47530,1
16893,1
71930,1
35978,1
5315,1
13498,1
46377,1
1513,1
30563,1
16704,1
46464,1
15503,1
57628,1
82762,1
78695,1
30826,1
72193,1
54663,1
49238,1
87455,1
39564,1
31386,1
39119,1
33179,1
69175,1
96908,1
60191,1
3007,1
81877,1
81361,1
46448,1
50280,1
98237,1
86899,1
52011,1
73895,1
34861,1
9233,1
31509,1
43420,1
963,1
15592,1
75653,1
60949,1
17861,1
56092,1
33518,1
79096,1
4898,1
72637,1
92172,1
11230,1
6039,1
3901,1
86745,1
80633,1
13684,1
84473,1
19008,1
51042,1
89284,1
13069,1
4073,1
2835,1
3028,1
44293,1
41529,1
55120,1
51907,1
56764,1
39936,1
31332,1
75863,1
81459,1
52143,1
43980,1
82248,1
58058,1
15586,1
57443,1
13184,1
38088,1
21848,1
25910,1
66239,1
54379,1
26590,1
91905,1
50124,1
38999,1
40059,1
12187,1
44876,1
69311,1
82923,1
96689,1
30087,1
30675,1
18313,1
43544,1
1880,1
53272,1
96634,1
37482,1
44300,1
8513,1
46771,1
54679,1
71535,1
199,1
11383,1
25833,1
8308,1
88138,1
96631,1
49620,1
82392,1
36281,1
78551,1
95911,1
70583,1
22793,1
87313,1
44671,1
98490,1
18502,1
96216,1
76628,1
89662,1
81527,1
74873,1
44018,1
77066,1
95207,1
47184,1
91946,1
49309,1
94531,1
42254,1
58425,1
639,1
44522,1
96086,1
92656,1
82466,1
94949,1
42569,1
38026,1
51637,1
54024,1
32959,1
61634,1
58143,1
38691,1
26150,1
65931,1
46378,1
97866,1
87141,1
20404,1
14620,1
87099,1
1873,1
38105,1
60529,1
60578,1
62504,1
90310,1
15351,1
62680,1
3188,1
96069,1
72778,1
10669,1
73044,1
20622,1
89457,1
83707,1
69201,1
80317,1
30613,1
81442,1
40317,1
30052,1
47318,1
90189,1
38097,1
9591,1
49445,1
83361,1
45580,1
46226,1
77856,1
85060,1
46956,1
26580,1
49595,1
40425,1
94274,1
62137,1
98521,1
34365,1
36883,1
93743,1
81733,1
93254,1
17565,1
68309,1
46167,1
37349,1
75671,1
76445,1
3593,1
51900,1
84183,1
3365,1
11181,1
93320,1
68766,1
51910,1
44194,1
17608,1
60932,1
86920,1
74620,1
76631,1
52193,1
41498,1
15762,1
2196,1
82979,1
15207,1
2744,1
49163,1
25857,1
15870,1
9615,1
85825,1
1486,1
70582,1
1282,1
95398,1
77207,1
54903,1
28230,1
43947,1
59147,1
12998,1
74831,1
84785,1
60817,1
54427,1
29101,1
64827,1
78926,1
17185,1
63331,1
37935,1
28963,1
54614,1
59876,1
88343,1
34611,1
46289,1
76949,1
39465,1
88882,1
87508,1
7034,1
91469,1
58088,1
94841,1
81033,1
57609,1
7109,1
23813,1
67147,1
95020,1
82596,1
63538,1
3993,1
32700,1
54914,1
64705,1
4893,1
36405,1
57019,1
16190,1
57934,1
28061,1
7213,1
59809,1
43380,1
37431,1
81497,1
59654,1
50110,1
14290,1
88064,1
74528,1
30337,1
48609,1
41198,1
74414,1
40127,1
38595,1
59210,1
68975,1
18548,1
63582,1
42038,1
53092,1
88958,1
89137,1
61876,1
17714,1
32653,1
83003,1
73232,1
55080,1
56722,1
26277,1
85775,1
87997,1
75654,1
55414,1
86363,1
66133,1
35596,1
52509,1
9065,1
35414,1
98289,1
38398,1
9924,1
54723,1
38598,1
81786,1
17914,1
43884,1
21587,1
1396,1
37008,1
47070,1
46033,1
91475,1
17081,1
98224,1
78716,1
1075,1
64387,1
21756,1
90518,1
42342,1
2460,1
91004,1
93357,1
91921,1
84868,1
43252,1
79461,1
40704,1
80756,1
96070,1
90733,1
98508,1
91022,1
57043,1
76652,1
93008,1
94910,1
16863,1
22779,1
67766,1
27532,1
17222,1
65269,1
11935,1
33303,1
90965,1
48062,1
84432,1
67377,1
95956,1
17348,1
29829,1
14535,1
48629,1
39005,1
57639,1
34706,1
50219,1
56806,1
32838,1
41914,1
31201,1
88478,1
84975,1
94154,1
95883,1
26002,1
65045,1
5738,1
40244,1
95367,1
85231,1
18065,1
56379,1
76513,1
27540,1
42817,1
6033,1
47193,1
54893,1
61484,1
26114,1
86121,1
11000,1
90714,1
39280,1
61327,1
68813,1
38721,1
94893,1
75663,1
68068,1
63880,1
39977,1
39400,1
85915,1
24703,1
35999,1
81657,1
95500,1
44306,1
42316,1
89337,1
28571,1
67228,1
31799,1
42638,1
19771,1
78940,1
7583,1
41124,1
76962,1
80472,1
54768,1
54517,1
71140,1
27475,1
49937,1
54853,1
98031,1
84212,1
43124,1
63718,1
39016,1
70204,1
93129,1
97895,1
87709,1
67534,1
84267,1
69801,1
20478,1
37869,1
54342,1
74116,1
48736,1
67945,1
55278,1
23504,1
52438,1
55455,1
3523,1
69616,1
14190,1
25736,1
76466,1
97908,1
45834,1
27410,1
50101,1
54151,1
69186,1
11835,1
5322,1
35254,1
69583,1
67564,1
13593,1
82824,1
62,1
68167,1
71725,1
81971,1
83881,1
71248,1
9690,1
89918,1
42579,1
85563,1
38980,1
45807,1
57414,1
89880,1
30988,1
63616,1
14008,1
44806,1
96548,1
97526,1
4013,1
4257,1
41855,1
86354,1
74209,1
91518,1
84897,1
56401,1
31069,1
34108,1
3565,1
28673,1
75995,1
45625,1
81039,1
23823,1
72577,1
72312,1
82212,1
48755,1
1281,1
23157,1
60075,1
68036,1
70973,1
98933,1
78521,1
91420,1
49485,1
86272,1
81111,1
26343,1
89837,1
9031,1
46118,1
19827,1
69009,1
95277,1
42320,1
87779,1
59751,1
43055,1
73876,1
92577,1
34015,1
29445,1
66755,1
54783,1
25472,1
72883,1
44362,1
97023,1
18693,1
90926,1
15317,1
98974,1
39063,1
82272,1
89156,1
92770,1
77052,1
38400,1
24335,1
59356,1
6457,1
85722,1
39535,1
9618,1
4941,1
57251,1
68328,1
5348,1
62701,1
4128,1
53651,1
80823,1
63841,1
20568,1
44480,1
49659,1
86093,1
37817,1
38472,1
6242,1
76544,1
7373,1
1202,1
66084,1
16129,1
75875,1
88152,1
55623,1
57176,1
47838,1
21063,1
3223,1
62710,1
30572,1
358,1
62816,1
32545,1
17195,1
77697,1
86130,1
22440,1
42677,1
16660,1
20846,1
27293,1
58467,1
64695,1
98357,1
26777,1
81440,1
40900,1
78332,1
20190,1
85839,1
2235,1
86052,1
14065,1
92354,1
95285,1
20322,1
4181,1
44139,1
88906,1
30567,1
51950,1
78232,1
58392,1
26789,1
68344,1
75474,1
41437,1
66160,1
3174,1
66442,1
11052,1
2441,1
41146,1
2775,1
87850,1
68633,1
80557,1
30426,1
5452,1
42850,1
9640,1
80923,1
44742,1
74619,1
16456,1
2309,1
4077,1
63695,1
46827,1
24174,1
2681,1
16163,1
1177,1
13294,1
85931,1
89774,1
13884,1
67781,1
61117,1
44888,1
7116,1
46601,1
85490,1
15453,1
71970,1
52213,1
72530,1
35352,1
76056,1
65991,1
20316,1
60055,1
1016,1
47654,1
74150,1
86160,1
8392,1
53737,1
81994,1
44481,1
54353,1
61310,1
7398,1
60046,1
61886,1
20675,1
44714,1
44768,1
15609,1
6789,1
30031,1
24631,1
52456,1
44478,1
56217,1
98843,1
58090,1
49890,1
97072,1
64185,1
69272,1
45057,1
92052,1
60303,1
64003,1
88645,1
79398,1
33885,1
43514,1
64438,1
85591,1
60019,1
86262,1
1101,1
76672,1
42036,1
33712,1
45994,1
40777,1
97041,1
31041,1
46457,1
83236,1
6299,1
13556,1
15899,1
52567,1
57538,1
58518,1
26334,1
19428,1
94464,1
49585,1
89210,1
5471,1
70184,1
35549,1
33040,1
54665,1
43305,1
14091,1
71319,1
78632,1
2261,1
21940,1
29982,1
67139,1
25525,1
2883,1
76500,1
12726,1
77310,1
95027,1
81221,1
35262,1
46685,1
33457,1
46651,1
14417,1
80072,1
19673,1
70357,1
76459,1
28669,1
31652,1
76690,1
72563,1
84429,1
77594,1
30800,1
42111,1
96125,1
75694,1
19400,1
87422,1
3310,1
66949,1
51438,1
78982,1
30435,1
86911,1
53575,1
123,1
92959,1
30978,1
78962,1
54973,1
6519,1
8442,1
60599,1
93396,1
12038,1
67719,1
38167,1
63223,1
45797,1
7376,1
23004,1
91461,1
83569,1
45377,1
55293,1
8893,1
12633,1
60296,1
27319,1
81133,1
94404,1
31115,1
66192,1
34519,1
24679,1
17349,1
9189,1
21021,1
64251,1
15270,1
27222,1
73671,1
17029,1
39416,1
36027,1
86198,1
27791,1
16173,1
5569,1
29024,1
66658,1
65799,1
70246,1
20815,1
98906,1
65310,1
49420,1
79689,1
42281,1
70243,1
86132,1
92910,1
94804,1
90249,1
56882,1
42210,1
11250,1
91791,1
81928,1
62973,1
68122,1
76654,1
26967,1
6202,1
27199,1
80624,1
34814,1
57187,1
57119,1
20512,1
69980,1
43795,1
33227,1
51648,1
10820,1
4248,1
4477,1
27896,1
1541,1
51146,1
96862,1
77152,1
16898,1
81745,1
27664,1
93610,1
53964,1
43749,1
68451,1
96440,1
67266,1
84640,1
45865,1
90267,1
83485,1
95484,1
88084,1
78221,1
23268,1
51238,1
29088,1
31976,1
6203,1
19343,1
17708,1
27081,1
74271,1
19982,1
24934,1
29812,1
44713,1
38879,1
13654,1
83170,1
29848,1
83032,1
78825,1
24046,1
92490,1
87306,1
4661,1
41925,1
30689,1
63577,1
6550,1
66005,1
28497,1
75036,1
54511,1
77338,1
55463,1
71847,1
15234,1
7984,1
29156,1
77503,1
26542,1
38738,1
82746,1
88031,1
36273,1
91124,1
81390,1
51404,1
54173,1
27263,1
41596,1
9420,1
19633,1
59522,1
24295,1
16455,1
9830,1
76060,1
60824,1
7089,1
85214,1
17394,1
30610,1
72856,1
14239,1
88703,1
49208,1
19957,1
33587,1
78628,1
31587,1
38307,1
75250,1
15389,1
24600,1
74318,1
73662,1
67857,1
29734,1
43604,1
2609,1
44710,1
97569,1
82995,1
79934,1
71663,1
18008,1
86967,1
20074,1
57029,1
13402,1
87546,1
79642,1
92671,1
41493,1
35725,1
29735,1
95514,1
58035,1
70617,1
84131,1
47266,1
55092,1
88253,1
31489,1
8640,1
10219,1
25294,1
97443,1
60447,1
53591,1
30120,1
86936,1
86592,1
17201,1
83314,1
73687,1
56277,1
63474,1
63596,1
35044,1
90514,1
81384,1
66415,1
97249,1
63418,1
51811,1
45491,1
85223,1
15952,1
98589,1
60686,1
97137,1
49507,1
16659,1
43469,1
13887,1
34432,1
2801,1
17013,1
43220,1
71359,1
77156,1
91180,1
41127,1
15626,1
64543,1
56006,1
90174,1
772,1
818,1
23449,1
12881,1
55363,1
5740,1
22125,1
28793,1
49006,1
71875,1
40447,1
30994,1
34486,1
62220,1
36274,1
12003,1
93124,1
45333,1
82881,1
18941,1
92031,1
1081,1
17792,1
87551,1
15996,1
4092,1
92890,1
29323,1
87653,1
4680,1
85430,1
37363,1
68804,1
77684,1
19851,1
63159,1
62162,1
13706,1
76548,1
34743,1
98413,1
37942,1
77243,1
72527,1
10976,1
28868,1
90365,1
12820,1
35179,1
3256,1
35505,1
61373,1
7171,1
21812,1
20124,1
51006,1
13153,1
67042,1
71219,1
3517,1
59469,1
3293,1
41164,1
95990,1
67976,1
2680,1
25586,1
55126,1
64759,1
35551,1
7576,1
8223,1
98729,1
10864,1
73318,1
32193,1
20918,1
70134,1
79271,1
20834,1
52130,1
18621,1
75294,1
55961,1
5396,1
57180,1
13844,1
1012,1
1045,1
38157,1
22879,1
18227,1
71671,1
83461,1
65336,1
55218,1
22761,1
60714,1
27395,1
24419,1
90146,1
34541,1
93340,1
56979,1
36955,1
42515,1
20363,1
92167,1
17910,1
90629,1
12693,1
42368,1
53686,1
7248,1
54052,1
24617,1
95479,1
76002,1
74778,1
40524,1
80512,1
41531,1
33232,1
50161,1
95121,1
19671,1
76813,1
26402,1
35525,1
94267,1
41726,1
59366,1
75578,1
87738,1
53166,1
84375,1
16397,1
88778,1
5089,1
76823,1
71099,1
19648,1
96194,1
7229,1
65751,1
65779,1
1964,1
327,1
45355,1
30146,1
81714,1
78141,1
19747,1
98633,1
81005,1
34669,1
65631,1
88039,1
38507,1
12002,1
49348,1
85824,1
19539,1
40266,1
73103,1
22827,1
95965,1
63951,1
17964,1
73574,1
47199,1
48501,1
27102,1
75025,1
54121,1
47488,1
42043,1
75132,1
77130,1
91812,1
74207,1
68116,1
10352,1
25868,1
604,1
24344,1
66264,1
59064,1
82952,1
85974,1
49298,1
16439,1
15080,1
23026,1
63897,1
77634,1
66870,1
86489,1
4049,1
61453,1
47435,1
24164,1
85378,1
21880,1
86750,1
13994,1
50847,1
26834,1
70742,1
55660,1
64102,1
94597,1
70958,1
45272,1
62408,1
73035,1
25541,1
49653,1
45224,1
87487,1
52318,1
15288,1
19203,1
71983,1
68558,1
10350,1
16603,1
42008,1
16414,1
8457,1
79027,1
120,1
28548,1
96041,1
780,1
49288,1
55137,1
83893,1
40503,1
1816,1
47316,1
49009,1
55739,1
85953,1
64081,1
9371,1
95298,1
50383,1
21858,1
53656,1
37086,1
54087,1
83652,1
15196,1
49493,1
48651,1
7651,1
50461,1
33881,1
19884,1
44333,1
78907,1
21077,1
83033,1
89226,1
27882,1
20377,1
5680,1
39399,1
11761,1
30382,1
28839,1
89198,1
72509,1
26477,1
30638,1
97628,1
44620,1
49255,1
53709,1
58613,1
9342,1
38262,1
14539,1
54030,1
84266,1
61374,1
26121,1
54424,1
64022,1
81997,1
27826,1
45028,1
80331,1
50900,1
54905,1
43318,1
94790,1
47842,1
28536,1
26103,1
25259,1
52671,1
13385,1
16490,1
77599,1
94180,1
53847,1
41343,1
2203,1
67306,1
11349,1
75907,1
82342,1
2740,1
86763,1
60604,1
11674,1
12965,1
20045,1
45090,1
20128,1
22206,1
68549,1
5605,1
66492,1
68434,1
6773,1
2646,1
61517,1
96006,1
4382,1
94566,1
88204,1
66467,1
55462,1
19207,1
93716,1
27745,1
15646,1
55515,1
50669,1
10833,1
43880,1
39672,1
42491,1
54479,1
15515,1
25237,1
21303,1
64365,1
80976,1
89132,1
21066,1
49616,1
43057,1
12373,1
25401,1
91287,1
30484,1
42764,1
86326,1
20251,1
77,1
76392,1
26315,1
10383,1
9224,1
92252,1
19023,1
22848,1
37136,1
69208,1
47085,1
16156,1
54018,1
70069,1
2822,1
10384,1
17386,1
11677,1
86378,1
10751,1
57852,1
1633,1
72544,1
69931,1
89260,1
95671,1
3690,1
72561,1
89672,1
11205,1
16341,1
82626,1
6506,1
31858,1
51511,1
89724,1
78550,1
8524,1
13159,1
12402,1
68028,1
45728,1
57399,1
11248,1
23784,1
40487,1
55090,1
39949,1
63823,1
17994,1
56424,1
93047,1
57643,1
7907,1
88094,1
81918,1
27950,1
10551,1
92564,1
60012,1
96769,1
5283,1
4084,1
39503,1
92691,1
73572,1
49861,1
96090,1
25827,1
44966,1
91702,1
26707,1
80884,1
95471,1
49660,1
6782,1
82670,1
56084,1
5200,1
1439,1
10309,1
54719,1
94299,1
51622,1
7428,1
60892,1
22080,1
4796,1
17472,1
15401,1
33050,1
15482,1
37607,1
34300,1
25590,1
13633,1
52372,1
61951,1
13824,1
91208,1
50457,1
97815,1
95655,1
79147,1
97033,1
54227,1
8166,1
15872,1
86092,1
14123,1
47548,1
13279,1
87681,1
43063,1
49338,1
33573,1
78838,1
2229,1
40729,1
89001,1
41104,1
44490,1
13251,1
30345,1
2558,1
90665,1
89117,1
80965,1
56456,1
32290,1
56042,1
29979,1
58406,1
68780,1
94676,1
15032,1
78590,1
45798,1
92901,1
6061,1
1290,1
45208,1
85820,1
21982,1
4624,1
33864,1
78426,1
7874,1
68247,1
54258,1
82674,1
62467,1
58442,1
490,1
53682,1
67525,1
6586,1
61625,1
52953,1
55998,1
9834,1
27390,1
12913,1
11757,1
40904,1
61004,1
10676,1
62841,1
96821,1
8153,1
41511,1
68770,1
55357,1
94440,1
60097,1
38554,1
16676,1
67152,1
46902,1
59000,1
95478,1
16474,1
34936,1
23578,1
81333,1
87851,1
28882,1
53315,1
19777,1
34405,1
79273,1
81176,1
77290,1
35130,1
72410,1
68568,1
86493,1
90180,1
74378,1
81280,1
35037,1
91895,1
14706,1
63580,1
29615,1
50127,1
7382,1
28904,1
78397,1
27322,1
92192,1
95139,1
79564,1
37649,1
62017,1
91134,1
97298,1
84612,1
52891,1
78407,1
37952,1
73235,1
96126,1
31144,1
30537,1
8498,1
84040,1
2596,1
82451,1
35043,1
43180,1
72108,1
59058,1
7534,1
46028,1
82864,1
59843,1
92556,1
89748,1
79554,1
29110,1
34780,1
71110,1
28848,1
51301,1
95231,1
21791,1
19677,1
84538,1
32339,1
98426,1
51174,1
88440,1
78289,1
3519,1
50371,1
49855,1
89084,1
34280,1
46848,1
2882,1
27897,1
32157,1
29320,1
55994,1
67439,1
74692,1
69754,1
14507,1
80932,1
7923,1
68630,1
39266,1
18712,1
88484,1
79714,1
74949,1
14977,1
76427,1
25680,1
63030,1
12028,1
10525,1
50819,1
53999,1
96385,1
12273,1
77795,1
94153,1
30097,1
44081,1
20012,1
25459,1
67593,1
30916,1
43574,1
87348,1
27760,1
14727,1
36378,1
83565,1
73161,1
65484,1
207,1
24366,1
58565,1
46382,1
88210,1
13522,1
26416,1
69878,1
10710,1
86995,1
53995,1
86591,1
46059,1
30023,1
62665,1
37625,1
40918,1
80163,1
42971,1
41115,1
30723,1
44283,1
71518,1
27571,1
64371,1
87245,1
6928,1
88455,1
89944,1
42492,1
36815,1
24708,1
38545,1
97918,1
71476,1
50112,1
35089,1
91383,1
32201,1
85474,1
1826,1
84866,1
16977,1
66997,1
98500,1
26490,1
78653,1
48735,1
24733,1
74770,1
41748,1
73212,1
42163,1
42560,1
33649,1
83743,1
92463,1
26488,1
47422,1
34307,1
3194,1
13573,1
48818,1
51755,1
86902,1
30446,1
38934,1
86983,1
7449,1
42647,1
31874,1
10057,1
32291,1
19646,1
59285,1
23924,1
95323,1
20710,1
39433,1
74398,1
93506,1
37735,1
2863,1
33606,1
53250,1
88154,1
89301,1
79778,1
197,1
45757,1
93428,1
84371,1
86538,1
59149,1
22104,1
66247,1
80147,1
95454,1
19608,1
62205,1
96410,1
52587,1
65385,1
3446,1
54650,1
11046,1
25327,1
80178,1
42030,1
21197,1
22819,1
64697,1
50554,1
2146,1
94172,1
93392,1
77192,1
6726,1
90764,1
97389,1
1941,1
58172,1
83247,1
73770,1
34912,1
82129,1
95104,1
24794,1
96893,1
49125,1
69176,1
60694,1
2127,1
75810,1
83419,1
36289,1
47588,1
28574,1
87394,1
88366,1
33642,1
35706,1
94238,1
79737,1
25492,1
21524,1
18950,1
19278,1
13504,1
20963,1
8363,1
71406,1
88307,1
98171,1
77409,1
74260,1
38887,1
9505,1
47994,1
96019,1
6805,1
67618,1
54944,1
72168,1
98456,1
45531,1
31912,1
36380,1
75808,1
42649,1
28217,1
89543,1
42313,1
49382,1
93930,1
5741,1
17179,1
76914,1
93133,1
52548,1
82829,1
65392,1
71785,1
70677,1
14985,1
97176,1
52215,1
88892,1
61552,1
24068,1
79592,1
58829,1
88760,1
40327,1
65777,1
39254,1
43718,1
53845,1
67700,1
98713,1
91231,1
26790,1
24582,1
90051,1
53515,1
77260,1
10543,1
91278,1
34739,1
60347,1
88065,1
42503,1
32195,1
27107,1
30842,1
12233,1
63067,1
23269,1
11919,1
33473,1
54257,1
72657,1
52801,1
51854,1
58618,1
89004,1
91940,1
27309,1
74946,1
9948,1
67535,1
48078,1
88585,1
9389,1
85360,1
56843,1
65052,1
63216,1
58279,1
82152,1
83724,1
51559,1
10429,1
10409,1
73586,1
78611,1
38467,1
21630,1
49885,1
29329,1
31548,1
29899,1
35050,1
16383,1
75804,1
98570,1
39375,1
87431,1
73042,1
36909,1
14943,1
18899,1
53393,1
62745,1
54970,1
42661,1
43314,1
39550,1
50597,1
90912,1
70982,1
14953,1
38463,1
93817,1
34787,1
16749,1
48937,1
2485,1
80374,1
71155,1
57950,1
83531,1
63962,1
50907,1
55470,1
92299,1
35886,1
49252,1
72448,1
55945,1
63815,1
57445,1
39340,1
18706,1
85607,1
33497,1
29345,1
89243,1
78270,1
14198,1
11554,1
50264,1
26547,1
4700,1
77235,1
83096,1
29826,1
27497,1
58725,1
89732,1
16854,1
22280,1
6306,1
50323,1
65152,1
68425,1
17738,1
47010,1
58470,1
68871,1
17172,1
70671,1
8137,1
38067,1
73693,1
24576,1
60850,1
52089,1
89559,1
76474,1
20060,1
20113,1
16878,1
52399,1
11210,1
27499,1
92437,1
94625,1
62945,1
43409,1
49571,1
21101,1
55942,1
77879,1
70796,1
90055,1
31473,1
93894,1
66647,1
52860,1
39224,1
27323,1
88793,1
20538,1
2527,1
41032,1
32221,1
57563,1
66181,1
73177,1
41988,1
97775,1
93799,1
1325,1
63876,1
31142,1
4198,1
42922,1
64637,1
23227,1
15224,1
40331,1
12808,1
9602,1
51323,1
75932,1
94328,1
38093,1
46750,1
34299,1
36073,1
26122,1
21191,1
44912,1
70377,1
54372,1
90160,1
84788,1
46709,1
36825,1
53908,1
42829,1
43682,1
383,1
10829,1
37534,1
65408,1
46853,1
73023,1
67528,1
95363,1
61925,1
33368,1
97520,1
25559,1
4838,1
37839,1
65768,1
20102,1
56718,1
20983,1
97240,1
75048,1
44850,1
19081,1
91141,1
44107,1
83031,1
27611,1
59611,1
11159,1
66194,1
8831,1
62113,1
52354,1
9696,1
9383,1
17587,1
66906,1
47875,1
51065,1
87174,1
9494,1
81593,1
67995,1
68803,1
96248,1
37548,1
53183,1
91851,1
1675,1
73443,1
84558,1
97817,1
61229,1
75039,1
84104,1
67241,1
50107,1
25697,1
431,1
49434,1
52926,1
15777,1
16706,1
4267,1
8845,1
61472,1
74305,1
48912,1
43970,1
25882,1
31086,1
38074,1
18921,1
21497,1
95161,1
35245,1
58157,1
9848,1
44493,1
65291,1
13940,1
88145,1
93197,1
9996,1
85243,1
21174,1
62099,1
75557,1
76916,1
15864,1
27453,1
51003,1
40898,1
35644,1
45381,1
77486,1
25215,1
30075,1
